time,reference_north,reference_east,nav_north,nav_east,position_error,gps_speed,ai_speed,heading_deg
1200.02,0.0,0.0,0.0,0.0,0.0,11.32,13.087065696716309,-3.051514163122865
1200.121,0.0,0.0,0.3736196716983625,-0.019439575342929727,0.3741250541857704,11.32,13.335150446210589,-2.97843569992708
1200.22,0.0,0.0,0.743529591245808,-0.039174224770974625,0.7445608591274222,11.32,13.470398766653878,-3.0538278187548435
1200.32,0.0,0.0,1.1129063268529762,-0.05941597055274678,1.1144912516059102,11.32,13.317513874598912,-3.136656016582996
1200.419,0.0,0.0,1.474168893090698,-0.07876414716066325,1.4762715591090279,11.32,13.155647686549596,-3.065667076378766
1200.52,0.0,0.0,1.8420779027066807,-0.09770414213138333,1.8446672054953093,11.32,13.130953788757324,-2.9469912910553133
1200.62,0.0,0.0,2.2055690744986673,-0.11632677618421548,2.208634614698031,11.32,13.102844510759626,-2.932853219451048
1200.72,0.0,0.0,2.575486956141387,-0.13545899028423258,2.579046761751956,11.32,13.334843226841517,-2.960709144073314
1200.82,0.0,0.0,2.9437365842756016,-0.1547358199996927,2.9478005786676893,11.32,13.275137765066964,-2.996537438840056
1200.92,0.0,0.0,3.311014671418426,-0.1744656282408461,3.3156080000183286,11.32,13.241074970790319,-3.0749159417039933
1201.02,11.799866024352157,0.6072751227462748,3.67388270674813,-0.1938634368805699,8.165379836217047,11.73,13.081901005336217,-3.059943552293904
1201.12,11.799866024352157,0.6072751227462748,4.03158536376988,-0.21296741173364822,7.811464794578971,11.73,12.895647866385323,-3.0571151220574735
1201.22,11.799866024352157,0.6072751227462748,4.386486215258985,-0.2320625416990585,7.460743120415477,11.73,12.794910430908203,-3.079779735887935
1201.32,11.799866024352157,0.6072751227462748,4.735524194974247,-0.2507722737297871,7.116261013825855,11.73,12.583406720842634,-3.068330021657991
1201.419,11.799866024352157,0.6072751227462748,5.071860996691877,-0.2684864697639824,6.784763077598076,11.73,12.247380529131208,-3.0148700985541645
1201.519,11.799866024352157,0.6072751227462748,5.404028952163115,-0.28565317689745484,6.4578675119804325,11.73,11.974005154200963,-2.958459924788157
1201.619,11.799866024352157,0.6072751227462748,5.723744619588437,-0.30180265675864315,6.1437507871509105,11.73,11.524438040597099,-2.8916671294385634
1201.719,11.799866024352157,0.6072751227462748,6.035561908386974,-0.31760855298630475,5.8380314965722615,11.73,11.239834649222237,-2.9018169761816384
1201.819,11.799866024352157,0.6072751227462748,6.3331673839766145,-0.3329907172169339,5.546971594887207,11.73,10.728098460606166,-2.9587813220292514
1201.919,11.799866024352157,0.6072751227462748,6.619320422191307,-0.34784523590004623,5.267856075821435,11.73,10.315380096435547,-2.9716195261466534
1202.02,24.156329502056384,1.5519253137049014,6.903807861067099,-0.3625398697486574,17.35841812814346,11.93,10.153664452689034,-2.956871928835303
1202.12,24.156329502056384,1.5519253137049014,7.183153768060326,-0.3768431698618866,17.082413247557064,11.93,10.069626671927315,-2.9311461099279286
1202.219,24.156329502056384,1.5519253137049014,7.468697257795079,-0.3918799873097106,16.80045978442144,11.93,10.397786821637835,-3.014430875198979
1202.319,24.156329502056384,1.5519253137049014,7.77387838926642,-0.4082141023290719,16.499298500034573,11.93,11.002245903015137,-3.0637009568373275
1202.42,24.156329502056384,1.5519253137049014,8.098745348066002,-0.4255360995962553,16.1788863183959,11.93,11.5958651133946,-3.0521367454650608
1202.519,24.156329502056384,1.5519253137049014,8.422557160810609,-0.4427453948843633,15.859706911600055,11.93,11.791592461722237,-3.0421781527570233
1202.62,24.156329502056384,1.5519253137049014,8.757852146071887,-0.46039381494033244,15.529408654494182,11.93,11.967652184622628,-3.0130116897214716
1202.72,24.156329502056384,1.5519253137049014,9.088642529223474,-0.4779583548708128,15.20380276178394,11.93,11.925229753766741,-3.0394770846673613
1202.819,24.156329502056384,1.5519253137049014,9.413458673582769,-0.49547724736703314,14.884357477302883,11.93,11.828663281032018,-3.0872449409442906
1202.919,24.156329502056384,1.5519253137049014,9.731850282227471,-0.5123321687218771,14.571436432865191,11.93,11.478147370474678,-3.0302785553076044
1203.021,36.51279298055158,0.877175177310163,10.042700711437433,-0.5291925055083819,26.507426408361354,11.8,10.98731790270124,-3.1046458231669964
1203.119,36.51279298055158,0.877175177310163,10.332526524011902,-0.5447066915928331,26.218850085092054,11.8,10.661905016217913,-3.064081218971023
1203.22,36.51279298055158,0.877175177310163,10.63646228361238,-0.5610282198324666,25.91626746560759,11.8,10.848962920052665,-3.0738644191904796
1203.32,36.51279298055158,0.877175177310163,10.936926373594137,-0.5771981712866078,25.61718475035829,11.8,10.832359722682408,-3.080491590753386
1203.42,36.51279298055158,0.877175177310163,11.234129764673883,-0.5931253640914776,25.321386171847195,11.8,10.714674813406807,-3.0675586448686145
1203.52,36.51279298055158,0.877175177310163,11.532507279118338,-0.6092067364377757,25.02446812459252,11.8,10.757180213928223,-3.0850319479072312
1203.62,36.51279298055158,0.877175177310163,11.833310593963109,-0.6252014044152971,24.725169084624024,11.8,10.844217300415039,-3.043732196624478
1203.72,36.51279298055158,0.877175177310163,12.136035957234299,-0.641253325722656,24.42400270415705,11.8,10.913422993251256,-3.0352489457041107
1203.82,36.51279298055158,0.877175177310163,12.438938749114419,-0.6576038891728153,24.122727962222665,11.8,10.92037568773542,-3.089803040112677
1203.92,36.51279298055158,0.877175177310163,12.740244456482541,-0.6741080626278042,23.823109432224197,11.8,10.863265718732562,-3.135272340635709
1204.02,47.533422568945284,-1.416975286422957,13.038278639629512,-0.6903887775023811,34.50279528761628,10.88,10.745227268763951,-3.1267890897153614
1204.12,47.533422568945284,-1.416975286422957,13.333452648869496,-0.7063980465131393,34.20735100161903,10.88,10.641882078988212,-3.1044932440097073
1204.22,47.533422568945284,-1.416975286422957,13.623730202438864,-0.7220548376509844,33.916812214906415,10.88,10.465181623186384,-3.087388709095807
1204.32,47.533422568945284,-1.416975286422957,13.91168016898897,-0.7376134138550394,33.62860530207756,10.88,10.381319727216448,-3.0928107549391903
1204.42,47.533422568945284,-1.416975286422957,14.200218281638143,-0.7530429403001987,33.33981574963454,10.88,10.402213096618652,-3.0609666054557017
1204.52,47.533422568945284,-1.416975286422957,14.489019468270113,-0.7684108510284902,33.050767193921075,10.88,10.411552156720843,-3.045994216045613
1204.62,47.533422568945284,-1.416975286422957,14.772437510138394,-0.7835642730984108,32.76710776884602,10.88,10.217622756958008,-3.0605010557746333
1204.719,47.533422568945284,-1.416975286422957,15.049412837997776,-0.7980967162901371,32.489904568725066,10.88,10.085684095110212,-3.0034619092838137
1204.82,47.533422568945284,-1.416975286422957,15.332496864646515,-0.8128761453029217,32.20659174743691,10.88,10.103865895952497,-2.9886206829742545
1204.92,47.533422568945284,-1.416975286422957,15.616288907008354,-0.8273727947137467,31.922579035726066,10.88,10.229834147862025,-2.9242381390635614
1205.02,57.66349623086833,-4.993151009282107,15.900710406360593,-0.8423752420696391,41.968550359684606,10.76,10.25340815952846,-3.0193957000222222
1205.12,57.66349623086833,-4.993151009282107,16.18137317215347,-0.856793984372958,41.68783974849115,10.76,10.117184230259486,-2.9409224553910946
1205.219,57.66349623086833,-4.993151009282107,16.45341809923325,-0.8709851742671727,41.41573119947097,10.76,9.905993325369698,-2.9861206128261895
1205.319,57.66349623086833,-4.993151009282107,16.728341905835478,-0.8858080636668141,41.140699139503596,10.76,9.911632129124232,-3.086191378641369
1205.419,57.66349623086833,-4.993151009282107,17.00420822492512,-0.9005203969993164,40.86474429724028,10.76,9.945300783429827,-3.052771295524654
1205.519,57.66349623086833,-4.993151009282107,17.279223314081676,-0.9148792262588252,40.58967602425169,10.76,9.914028440202985,-2.9887595595278067
1205.62,57.66349623086833,-4.993151009282107,17.56220787581995,-0.9287452191773895,40.30673296313379,10.76,10.098679678780693,-2.805198878445447
1205.721,57.66349623086833,-4.993151009282107,17.847558721703734,-0.9433028394739025,40.021371165068786,10.76,10.184148515973773,-2.9205019596467983
1205.819,57.66349623086833,-4.993151009282107,18.128748538855366,-0.9577945743558336,39.74016075241802,10.76,10.343130656651088,-2.950253660125693
1205.92,57.66349623086833,-4.993151009282107,18.427173887808543,-0.9731865544518675,39.441717828038264,10.76,10.651082038879395,-2.9525465404884046
1206.019,67.90488938409456,-9.513976923099886,18.73095622168802,-0.9895030560529222,49.907337710709356,11.47,11.062552997044154,-3.0744685633469757
1206.121,67.90488938409456,-9.513976923099886,19.056586804548783,-1.0074492962851882,49.583441562366566,11.47,11.51028483254569,-3.1545091922861457
1206.22,67.90488938409456,-9.513976923099886,19.383299081737537,-1.0254659060278117,49.25849718329561,11.47,11.898496900285993,-3.156389569242752
1206.321,67.90488938409456,-9.513976923099886,19.72613063940616,-1.044159848401598,48.917589836967025,11.47,12.237891742161342,-3.1211372213236084
1206.42,67.90488938409456,-9.513976923099886,20.074998807357858,-1.0631053251612843,48.57072846218648,11.47,12.704807690211705,-3.1084253798563224
1206.52,67.90488938409456,-9.513976923099886,20.440079277959605,-1.0822023114386219,48.20791451113921,11.47,13.160865647452217,-2.994354575510043
1206.62,67.90488938409456,-9.513976923099886,20.815581986424682,-1.101959305313461,47.83476676638234,11.47,13.536795752389091,-3.01182787854866
1206.72,67.90488938409456,-9.513976923099886,21.191900500871867,-1.1221014466670607,47.46079333951385,11.47,13.566858291625977,-3.0637863175614477
1206.82,67.90488938409456,-9.513976923099886,21.56825167262249,-1.1422804425907467,47.08682720640651,11.47,13.568103245326451,-3.0691156614264057
1206.92,67.90488938409456,-9.513976923099886,21.947833917842715,-1.1623509048874952,46.70974849296697,11.47,13.684049606323242,-3.0267034864024573
1207.02,78.48024100964841,-14.84450300057936,22.32058857631618,-1.1817721819789082,57.79772292101318,12.42,13.437369346618652,-2.982529973788533
1207.122,78.48024100964841,-14.84450300057936,22.696104287416425,-1.201719179970359,57.42817653574369,12.42,13.272180693490165,-3.040633606553202
1207.219,78.48024100964841,-14.84450300057936,23.043152613429992,-1.2198872066028623,57.08678415696236,12.42,12.897781235831124,-2.996706248288799
1207.319,78.48024100964841,-14.84450300057936,23.393308406354272,-1.2379784623622094,56.74246781423043,12.42,12.622422082083565,-2.957631344488243
1207.42,78.48024100964841,-14.84450300057936,23.746288260364995,-1.2553947407817299,56.395650956942504,12.42,12.596765654427665,-2.8247239514367073
1207.52,78.48024100964841,-14.84450300057936,24.093893946496955,-1.2731787475665048,56.05404168170193,12.42,12.530171394348145,-2.9287809023241564
1207.62,78.48024100964841,-14.84450300057936,24.44287138984824,-1.290449038493849,55.71130670011276,12.42,12.57856273651123,-2.833157791684427
1207.72,78.48024100964841,-14.84450300057936,24.794960933290742,-1.3070936370003006,55.365790422914436,12.42,12.689379010881696,-2.706572220250502
1207.82,78.48024100964841,-14.84450300057936,25.143475871947242,-1.3228665566095228,55.02404172247971,12.42,12.559380395071846,-2.591296290184699
1207.92,78.48024100964841,-14.84450300057936,25.491331331912345,-1.3385151603031178,54.68305273461752,12.42,12.535461562020439,-2.5757676889040257
1208.02,89.94614856088197,-20.714829187186616,25.836521630004842,-1.3540973083160481,66.96926312945186,13.39,12.439505304609026,-2.584619707949129
1208.12,89.94614856088197,-20.714829187186616,26.181509167847125,-1.369713644321486,66.63454608752559,13.39,12.432268960135323,-2.5918030913825847
1208.22,89.94614856088197,-20.714829187186616,26.5265269591418,-1.3846425443946282,66.30010950030989,13.39,12.432262556893486,-2.4776395850576214
1208.32,89.94614856088197,-20.714829187186616,26.86762417896886,-1.3989912786148806,65.96970389739386,13.39,12.290359905787877,-2.4088073461826807
1208.42,89.94614856088197,-20.714829187186616,27.208670358949167,-1.4134492451299436,65.63942747164711,13.39,12.28869002205985,-2.427485774940864
1208.52,89.94614856088197,-20.714829187186616,27.5518754247505,-1.4279967801365914,65.30717590344733,13.39,12.366476740155901,-2.4271602981219047
1208.62,89.94614856088197,-20.714829187186616,27.901000767643676,-1.4427910093329923,64.96931445085002,13.39,12.579791613987513,-2.4264640133892463
1208.72,89.94614856088197,-20.714829187186616,28.255085441588367,-1.4576212028526598,64.62683133297317,13.39,12.758223806108747,-2.398327943042761
1208.82,89.94614856088197,-20.714829187186616,28.612301613858456,-1.4723506745134465,64.28151958869356,13.39,12.87070996420724,-2.3611997807891267
1208.92,89.94614856088197,-20.714829187186616,28.973941356413057,-1.488096952023655,63.9318174606928,13.39,13.031365939549037,-2.4931600271827628
1209.022,102.30261203937717,-26.855055428327795,29.3458262079247,-1.504875032033597,77.2355115538253,13.48,13.138699122837611,-2.583223594029047
1209.12,102.30261203937717,-26.855055428327795,29.704960499971065,-1.5207483388299992,76.89113163910395,13.48,13.205568177359444,-2.530757909842883
1209.219,102.30261203937717,-26.855055428327795,30.069622929259914,-1.5363694225848117,76.5417570796472,13.48,13.272612980433873,-2.452885847740589
1209.319,102.30261203937717,-26.855055428327795,30.44197806140387,-1.5521664297075457,76.18521449331719,13.48,13.416842596871513,-2.429292174336987
1209.419,102.30261203937717,-26.855055428327795,30.820313006473807,-1.5688386740532156,75.82289781308528,13.48,13.63327625819615,-2.5232446095763383
1209.52,102.30261203937717,-26.855055428327795,31.20456103561531,-1.5863367981361651,75.45489379586532,13.48,13.710163116455078,-2.6073692343737993
1209.62,102.30261203937717,-26.855055428327795,31.59286473631842,-1.6043277860986664,75.08307139511847,13.48,13.993929318019322,-2.652745832918303
1209.72,102.30261203937717,-26.855055428327795,31.98646304040271,-1.6240241976251582,74.70586153047608,13.48,14.187269483293806,-2.864800588671212
1209.82,102.30261203937717,-26.855055428327795,32.38364470608327,-1.6427614014911511,74.32578128112668,13.48,14.314441953386579,-2.7009488219107753
1209.92,102.30261203937717,-26.855055428327795,32.78168195982139,-1.6612043137439334,73.9451814056217,13.48,14.344714709690638,-2.652881826202897
1210.021,114.21379755424154,-32.725381614935046,33.180786753536864,-1.6797107351146536,86.77662427062513,13.41,14.240802764892578,-2.654893819570976
1210.119,114.21379755424154,-32.725381614935046,33.56490899449517,-1.6983101724347471,86.41135566706731,13.41,14.127144813537598,-2.7721320851686015
1210.22,114.21379755424154,-32.725381614935046,33.96529327906126,-1.7174107670742256,86.03090546138297,13.41,14.287353106907435,-2.7312619973568197
1210.32,114.21379755424154,-32.725381614935046,34.3565743377921,-1.735393444751427,85.65953225782845,13.41,14.10098648071289,-2.6313745957095467
1210.421,114.21379755424154,-32.725381614935046,34.749969307243546,-1.752525403506236,85.2866802118727,13.41,14.035289083208356,-2.493598494751127
1210.52,114.21379755424154,-32.725381614935046,35.13164943851342,-1.7687273198591404,84.92526476698676,13.41,13.891776493617467,-2.4306857509074367
1210.619,114.21379755424154,-32.725381614935046,35.5172608519452,-1.7853903456077913,84.56020310217993,13.41,14.035318783351354,-2.474323734045537
1210.719,114.21379755424154,-32.725381614935046,35.911050879481714,-1.802304328417324,84.18762881611264,13.41,14.189511707850865,-2.4594440466138385
1210.82,114.21379755424154,-32.725381614935046,36.3077214635578,-1.8196482355874457,83.81241583180099,13.41,14.152262006487165,-2.503589089176013
1210.92,114.21379755424154,-32.725381614935046,36.69982400631789,-1.836846749661111,83.44170229154875,13.41,14.129263605390276,-2.511514088436886
1211.02,127.12685848608879,-38.19085771969646,37.092805120832956,-1.853684062355905,97.0902721943937,13.2,14.160299301147461,-2.4533425770808055
1211.12,127.12685848608879,-38.19085771969646,37.486003157492426,-1.8698688268899457,96.71968350958204,13.2,14.167115756443568,-2.3570705525921025
1211.22,127.12685848608879,-38.19085771969646,37.87557754302754,-1.8858302414729022,96.35271750278669,13.2,14.0364442552839,-2.3461770502326833
1211.32,127.12685848608879,-38.19085771969646,38.25639791727694,-1.9020894075921142,95.99392411669777,13.2,13.722023146493095,-2.4447645843930643
1211.42,127.12685848608879,-38.19085771969646,38.63068850752277,-1.9178905042233454,95.64151949592834,13.2,13.486463001796178,-2.41737012987398
1211.52,127.12685848608879,-38.19085771969646,39.007071119757875,-1.9336990795928177,95.28734689422838,13.2,13.561720439365931,-2.405086097838212
1211.62,127.12685848608879,-38.19085771969646,39.38342446090282,-1.949032780990848,94.93355618231071,13.2,13.559960910252162,-2.3331019916968256
1211.72,127.12685848608879,-38.19085771969646,39.76875448478909,-1.9656306143831654,94.57116586747473,13.2,13.884743826729911,-2.466452767766838
1211.82,127.12685848608879,-38.19085771969646,40.155247200872154,-1.9826315629978326,94.2077322249159,13.2,13.927192279270717,-2.5186893127147822
1211.92,127.12685848608879,-38.19085771969646,40.55359888879821,-2.0004463709170923,93.83323052572433,13.2,14.354994228907994,-2.560635938057661
1212.02,139.37200247328084,-43.318958756260514,40.96112749688827,-2.018098469764399,106.7261044638276,13.1,14.684786251613072,-2.480215951879611
1212.12,139.37200247328084,-43.318958756260514,41.37619847278111,-2.0363400046124998,106.33641056899693,13.1,14.956978389195033,-2.5164150545600523
1212.22,139.37200247328084,-43.318958756260514,41.79010029004795,-2.0542621058345603,105.9481138262957,13.1,14.914427484784808,-2.4793795942847594
1212.32,139.37200247328084,-43.318958756260514,42.20196237309018,-2.0718405192470706,105.56202658120404,13.1,14.84053339276995,-2.443920067642773
1212.42,139.37200247328084,-43.318958756260514,42.60519801599528,-2.089682498444916,105.18397057355183,13.1,14.530686378479004,-2.5335155098961453
1212.52,139.37200247328084,-43.318958756260514,43.00424222352048,-2.1071750259079423,104.81009652601531,13.1,14.379387310573033,-2.510014538470968
1212.62,139.37200247328084,-43.318958756260514,43.391614155495375,-2.12364569582146,104.4475407071917,13.1,13.9579895564488,-2.4346931611062863
1212.72,139.37200247328084,-43.318958756260514,43.76975081465798,-2.1394714773249874,104.09390325448783,13.1,13.624836649213519,-2.396545277089892
1212.82,139.37200247328084,-43.318958756260514,44.13928804576986,-2.1543411419684735,103.74871392245178,13.1,13.314105987548828,-2.3042594376734584
1212.92,139.37200247328084,-43.318958756260514,44.50734499007999,-2.169707471938268,103.40485540179104,13.1,13.261592728751046,-2.390703012660378
1213.02,151.171868497633,-48.44705979282457,44.869526151932966,-2.186055226166866,115.93217211671113,13.38,13.051797049386161,-2.58440277668468
1213.12,151.171868497633,-48.44705979282457,45.226587145561396,-2.2014017316888497,115.59871768439777,13.38,12.866062981741768,-2.461061774495913
1213.221,151.171868497633,-48.44705979282457,45.58532459668732,-2.218086424526415,115.26333428993433,13.38,12.800503594534737,-2.662878050042669
1213.32,151.171868497633,-48.44705979282457,45.93909235979612,-2.234025222706983,114.93294452790711,13.38,12.877332278660365,-2.5796830403393964
1213.42,151.171868497633,-48.44705979282457,46.305418223652424,-2.250446369837291,114.5910096160173,13.38,13.200974328177315,-2.5666573924761997
1213.519,151.171868497633,-48.44705979282457,46.67615187660615,-2.26819193360134,114.24466127089504,13.38,13.496658733912877,-2.740432266966736
1213.62,151.171868497633,-48.44705979282457,47.053969567725765,-2.2851699687671654,113.89230417243648,13.38,13.48035934993199,-2.572975773576341
1213.72,151.171868497633,-48.44705979282457,47.43754095775005,-2.3027271297031207,113.53462091836363,13.38,13.823028019496373,-2.62076262356
1213.82,151.171868497633,-48.44705979282457,47.82887326647322,-2.320866991900583,113.16978539193015,13.38,14.103090422494072,-2.6539952629308456
1213.92,151.171868497633,-48.44705979282457,48.23124640518919,-2.3397179538146866,112.79476339014433,13.38,14.501321111406599,-2.682314697445237
1214.02,164.30756841129565,-53.71011085667057,48.642000007177046,-2.358530289021926,126.5523944500599,14.12,14.802630288260323,-2.622289146520659
1214.12,164.30756841129565,-53.71011085667057,49.0634133970184,-2.3778509864854884,126.15948703262461,14.12,15.18681812286377,-2.625022834989721
1214.22,164.30756841129565,-53.71011085667057,49.48940931166476,-2.397161102553025,125.76258772582864,14.12,15.351600510733467,-2.5954035329884344
1214.32,164.30756841129565,-53.71011085667057,49.91974239448006,-2.4165076947514654,125.36190994949666,14.12,15.507638931274414,-2.574127409045454
1214.42,164.30756841129565,-53.71011085667057,50.342213979716504,-2.435618998533465,124.96869818488798,14.12,15.22453076498849,-2.590117480429309
1214.52,164.30756841129565,-53.71011085667057,50.75604712891592,-2.454773298071137,124.58353668839518,14.12,14.913942881992885,-2.650048289586518
1214.62,164.30756841129565,-53.71011085667057,51.15852126211163,-2.472739192323718,124.20940031188735,14.12,14.503497123718262,-2.5559084106015866
1214.72,164.30756841129565,-53.71011085667057,51.55198108707938,-2.491188464166948,123.84345151794771,14.12,14.180116653442383,-2.6846240877503447
1214.82,164.30756841129565,-53.71011085667057,51.92649834091199,-2.509136677596355,123.49512001310298,14.12,13.498094831194196,-2.74372057910173
1214.919,164.30756841129565,-53.71011085667057,52.29052564200615,-2.5259355518249174,123.15696355632517,14.12,13.251443862915039,-2.642170577670094
1215.02,177.88854628779816,-58.70326186595267,52.66283493288261,-2.5424725144113483,137.24253365823884,14.36,13.283514295305524,-2.543250510968762
1215.12,177.88854628779816,-58.70326186595267,53.033594042524555,-2.5599165443746816,136.89716696874157,14.36,13.362092971801758,-2.6937511530470726
1215.22,177.88854628779816,-58.70326186595267,53.41136621809338,-2.5770599355017763,136.54566599216344,14.36,13.613794599260602,-2.598313446363976
1215.32,177.88854628779816,-58.70326186595267,53.790796439609416,-2.595207258985709,136.19238344768777,14.36,13.67510209764753,-2.738246062901851
1215.42,177.88854628779816,-58.70326186595267,54.18643458255313,-2.6129317673113923,135.82465744816537,14.36,14.25725896017892,-2.5651240982985337
1215.52,177.88854628779816,-58.70326186595267,54.58560464401218,-2.630889242503098,135.45377953248064,14.36,14.38465622493199,-2.5758301569121347
1215.62,177.88854628779816,-58.70326186595267,54.984972445600704,-2.647504219672827,135.08344246606592,14.36,14.389677728925433,-2.382313757055739
1215.72,177.88854628779816,-58.70326186595267,55.38823483832351,-2.6640122723832245,134.70977618654356,14.36,14.529605048043388,-2.3441658730393446
1215.82,177.88854628779816,-58.70326186595267,55.79863012386737,-2.6808565419627826,134.32965989386358,14.36,14.78666945866176,-2.3503295347101267
1215.92,177.88854628779816,-58.70326186595267,56.221946508283935,-2.6977684104480706,133.93795876861444,14.36,15.251546587262835,-2.2878010303679357
1216.02,191.6921631461161,-63.359037807052395,56.656388612277084,-2.7160256352553014,148.02781944358478,14.29,15.65372017451695,-2.40641219186809
1216.12,191.6921631461161,-63.359037807052395,57.08425883890804,-2.73326919064375,147.6305243583074,14.29,15.41583183833531,-2.3078226179187644
1216.22,191.6921631461161,-63.359037807052395,57.51971407043552,-2.7508406501122695,147.2263551595998,14.29,15.689145905630928,-2.310741710344683
1216.32,191.6921631461161,-63.359037807052395,57.95980494867156,-2.7686287571818964,146.81805508138373,14.29,15.856207983834404,-2.3145878225548433
1216.42,191.6921631461161,-63.359037807052395,58.39986390819991,-2.7864836733571896,146.40994279901085,14.29,15.855157170976911,-2.3234398415999666
1216.52,191.6921631461161,-63.359037807052395,58.83688949464549,-2.8043390972429645,146.00477825346312,14.29,15.746046883719307,-2.3396153169406353
1216.62,191.6921631461161,-63.359037807052395,59.255782351813096,-2.8215490538269115,145.6165598496288,14.29,15.09286458151681,-2.3526389250148583
1216.72,191.6921631461161,-63.359037807052395,59.66409149644769,-2.838006221414976,145.23844865502969,14.29,14.711064066205706,-2.308094604487133
1216.82,191.6921631461161,-63.359037807052395,60.06447354849256,-2.854716520811007,144.86760011512945,14.29,14.426301956176758,-2.389903080552612
1216.92,191.6921631461161,-63.359037807052395,60.46066768454045,-2.871154743426989,144.50082836648502,14.29,14.275260107857841,-2.37585771092674
1217.02,205.94105796806485,-67.81238870722171,60.859106930579756,-2.8882030733576523,158.9462877737749,14.19,14.35693713596889,-2.4500646247613793
1217.12,205.94105796806485,-67.81238870722171,61.25497872253916,-2.9054736195019677,158.577959230301,14.19,14.26494026184082,-2.4980368787017797
1217.22,205.94105796806485,-67.81238870722171,61.65764519267149,-2.9229997914449326,158.20346391902257,14.19,14.509717396327428,-2.49224198515574
1217.32,205.94105796806485,-67.81238870722171,62.069786750373886,-2.941989051508617,157.8198702105864,14.19,14.852836336408343,-2.6380148263343823
1217.419,205.94105796806485,-67.81238870722171,62.49344384414101,-2.961571102330185,157.42568577544472,14.19,15.422160284859794,-2.646411225354493
1217.519,205.94105796806485,-67.81238870722171,62.93969411380348,-2.9822643641679014,157.01062093538343,14.19,16.08227280208043,-2.6549851384643217
1217.62,205.94105796806485,-67.81238870722171,63.40341943748912,-3.0031707131179424,156.57973411294432,14.19,16.545612471444265,-2.581344901279447
1217.72,205.94105796806485,-67.81238870722171,63.87077546154939,-3.0249011143782782,156.14539288776328,14.19,16.842994008745467,-2.662133655582436
1217.819,205.94105796806485,-67.81238870722171,64.34497697671851,-3.0469410445105245,155.70489190471602,14.19,17.262306349618093,-2.6610772338625415
1217.92,205.94105796806485,-67.81238870722171,64.83330430902782,-3.0689573901504175,155.2517634083678,14.19,17.423407827104842,-2.581444740792105
1218.02,219.52203584456737,-71.7259394982932,65.32029179574275,-3.091712774005733,168.78635888524911,14.0,17.550678253173828,-2.6753044740528176
1218.12,219.52203584456737,-71.7259394982932,65.80427826651959,-3.112195711476227,168.33595822422026,14.0,17.439109529767716,-2.4233858277887514
1218.22,219.52203584456737,-71.7259394982932,66.27665176897852,-3.1325611961475253,167.8963945038011,14.0,17.02124309539795,-2.468669724354933
1218.32,219.52203584456737,-71.7259394982932,66.73680723179804,-3.153990032076409,167.4677232658687,14.0,16.58354936327253,-2.6662629714730794
1218.42,219.52203584456737,-71.7259394982932,67.18176810818741,-3.1755912045171684,167.0530078304187,14.0,16.037456239972794,-2.7793120142679983
1218.52,219.52203584456737,-71.7259394982932,67.61217428320083,-3.1973915665696278,166.65163641928058,14.0,15.514485222952706,-2.8995918113798003
1218.62,219.52203584456737,-71.7259394982932,68.02777062189239,-3.217625825087313,166.2645525591807,14.0,14.979190417698451,-2.7873750466020186
1218.72,219.52203584456737,-71.7259394982932,68.43592717713797,-3.238556106913308,165.8840978396186,14.0,14.712942804609026,-2.9355581392200443
1218.82,219.52203584456737,-71.7259394982932,68.83671042428844,-3.259053340442945,165.5106697381392,14.0,14.447053773062569,-2.9277238021486705
1218.92,219.52203584456737,-71.7259394982932,69.23666614380284,-3.2801807870898485,165.13786431841652,14.0,14.418480736868721,-3.023808382891799
1219.02,232.88037474004545,-75.30211522115236,69.63717508367675,-3.300825106423021,178.41672570763782,13.78,14.437463215419225,-2.950711853009314
1219.12,232.88037474004545,-75.30211522115236,70.03945560188971,-3.320870017124336,178.04062628198596,13.78,14.50006593976702,-2.852585788952113
1219.22,232.88037474004545,-75.30211522115236,70.43975410342689,-3.3416041311575615,177.66617682930845,13.78,14.43006433759417,-2.965078619876481
1219.32,232.88037474004545,-75.30211522115236,70.83736859469383,-3.3620408593154636,177.29441655001176,13.78,14.333016668047224,-2.942319264278703
1219.42,232.88037474004545,-75.30211522115236,71.23113324104946,-3.3831494987919566,176.92601535041356,13.78,14.195881026131767,-3.0685319880099833
1219.52,232.88037474004545,-75.30211522115236,71.62074307300699,-3.403926985437554,176.5616557380656,13.78,14.045884541102819,-3.0526325788156456
1219.62,232.88037474004545,-75.30211522115236,72.0066309049298,-3.4251656577659935,176.20061672441443,13.78,13.91298702784947,-3.1502930931917783
1219.72,232.88037474004545,-75.30211522115236,72.39005079285282,-3.445292027592951,175.842392841275,13.78,13.822119304112025,-3.0047963181591357
1219.82,232.88037474004545,-75.30211522115236,72.77030938672381,-3.465352702420797,175.4871889244841,13.78,13.708345685686384,-3.0198593697587057
1219.92,232.88037474004545,-75.30211522115236,73.15039564658673,-3.4857055367404164,175.13212989384917,13.78,13.702708653041295,-3.0651432663248874
1220.02,245.79343567189272,-78.67586590311106,73.53174373149993,-3.50624690457775,187.94829642896858,13.52,13.748432976858956,-3.0832654832124784
1220.12,245.79343567189272,-78.67586590311106,73.91296834805857,-3.5269068824300156,187.59067431338804,13.52,13.744224957057408,-3.1020366139490436
1220.22,245.79343567189272,-78.67586590311106,74.29700911317562,-3.5472449466708107,187.230697294076,13.52,13.844841139657158,-3.0314430374838697
1220.32,245.79343567189272,-78.67586590311106,74.68352603830665,-3.567215295862553,186.86869874555163,13.52,13.933169637407575,-2.957697593752411
1220.42,245.79343567189272,-78.67586590311106,75.07131960772082,-3.587304129939382,186.50558442736238,13.52,13.979287828717913,-2.9654371890564333
1220.52,245.79343567189272,-78.67586590311106,75.46416121398029,-3.608005312999492,186.13770555944674,13.52,14.161919866289411,-3.016468608284854
1220.62,245.79343567189272,-78.67586590311106,75.86324049828137,-3.6292051583318172,185.7640237524038,13.52,14.387111118861608,-3.040801857726912
1220.72,245.79343567189272,-78.67586590311106,76.27479920408891,-3.648983380244883,185.37961379559349,13.52,14.833212171282087,-2.751338910200113
1220.82,245.79343567189272,-78.67586590311106,76.70278901786821,-3.669636940234926,184.97994801898818,13.52,15.425563131059919,-2.7627865846411135
1220.92,245.79343567189272,-78.67586590311106,77.14222150418408,-3.6904218897027192,184.56990235173862,13.52,15.83725575038365,-2.708045046486629
1221.024,259.59705253021065,-81.64476650322395,77.61355137690944,-3.7143465069950445,197.96753535062817,13.35,16.33626992361886,-2.905829218884379
1221.12,259.59705253021065,-81.64476650322395,78.06196784939341,-3.7371202567570974,197.5464206553389,13.35,16.83729021889823,-2.9073856330232255
1221.22,259.59705253021065,-81.64476650322395,78.53585875669222,-3.761181235409029,197.10151888014607,13.35,17.08204827989851,-2.90659664631214
1221.32,259.59705253021065,-81.64476650322395,79.0115096266041,-3.785149864413901,196.65517590171075,13.35,17.145158086504257,-2.8847643104986105
1221.42,259.59705253021065,-81.64476650322395,79.48033747992876,-3.8098276540199407,196.21495545998465,13.35,16.901168005807058,-3.013109179733668
1221.52,259.59705253021065,-81.64476650322395,79.93639792509215,-3.834747675197553,195.78649045109705,13.35,16.442667961120605,-3.1276414541831277
1221.62,259.59705253021065,-81.64476650322395,80.37874107883809,-3.85836868876834,195.37125388457207,13.35,15.94704178401402,-3.0566770698044152
1221.72,259.59705253021065,-81.64476650322395,80.80059055642259,-3.8800538582094295,194.97570450470465,13.35,15.206633022853307,-2.9426989674363013
1221.819,259.59705253021065,-81.64476650322395,81.19689519442338,-3.90060760434873,194.60413762386247,13.35,14.430446352277484,-2.9688997084326787
1221.919,259.59705253021065,-81.64476650322395,81.58270696282175,-3.9215414117056477,194.24213483797115,13.35,13.90965393611363,-3.105773159682844
1222.019,272.62143295336114,-84.14134200787248,81.95963686926075,-3.9421605808817732,206.8425226774573,13.06,13.589764186314174,-3.131126130887575
1222.119,272.62143295336114,-84.14134200787248,82.33087125907669,-3.9624437833559374,206.49250250414337,13.06,13.384371076311384,-3.1273706808668953
1222.22,272.62143295336114,-84.14134200787248,82.69721357549422,-3.981117068939825,206.14769164012583,13.06,13.074698039463588,-2.917968396278352
1222.319,272.62143295336114,-84.14134200787248,83.05240993755413,-3.9992669925631703,205.8134268577418,13.06,12.933082716805595,-2.9251717208361154
1222.42,272.62143295336114,-84.14134200787248,83.41432768583873,-4.018932556625152,205.47245357952156,13.06,12.919068336486816,-3.1102284057034044
1222.52,272.62143295336114,-84.14134200787248,83.77712648907048,-4.038617435140429,205.13073530788577,13.06,13.079968043736049,-3.1057313398553266
1222.62,272.62143295336114,-84.14134200787248,84.14045924546865,-4.057218025433329,204.78902403183122,13.06,13.097108432224818,-2.93066263370548
1222.72,272.62143295336114,-84.14134200787248,84.50023915961172,-4.075887403233005,204.45063114461888,13.06,12.969503130231585,-2.970477113544582
1222.82,272.62143295336114,-84.14134200787248,84.85423627267889,-4.093311252899372,204.11812113840145,13.06,12.75932366507394,-2.8178422861735557
1222.92,272.62143295336114,-84.14134200787248,85.2072364739928,-4.111336758851839,203.78636554530715,13.06,12.724564552307129,-2.9231970647591923
1223.02,286.31373032037584,-86.63791751252103,85.55928668049208,-4.129376853884707,217.0483953471601,13.05,12.690436226981026,-2.933439613480669
1223.12,286.31373032037584,-86.63791751252103,85.91499579785804,-4.14784939494435,216.71239959049186,13.05,12.82278415134975,-2.9727905834275554
1223.22,286.31373032037584,-86.63791751252103,86.27352945164094,-4.16561920683057,216.37412495819964,13.05,12.923054695129395,-2.837398324043247
1223.32,286.31373032037584,-86.63791751252103,86.63685044768933,-4.1832211762583515,216.03155626805213,13.05,13.094896725245885,-2.773664693981675
1223.42,286.31373032037584,-86.63791751252103,87.00676087722631,-4.200672984583403,215.68302518736033,13.05,13.331587518964495,-2.701124375969574
1223.52,286.31373032037584,-86.63791751252103,87.38654886356552,-4.218642833604931,215.32524320420345,13.05,13.68766348702567,-2.708956673252004
1223.62,286.31373032037584,-86.63791751252103,87.77802727556296,-4.2373134101964,214.95647219827123,13.05,14.109241758074079,-2.730508863341315
1223.72,286.31373032037584,-86.63791751252103,88.18203568497313,-4.255889451643907,214.5762497727081,13.05,14.559668677193779,-2.632568203240741
1223.82,286.31373032037584,-86.63791751252103,88.58780727812176,-4.275693112279052,214.19401637549822,13.05,14.625164304460798,-2.794100380751612
1223.92,286.31373032037584,-86.63791751252103,88.99730458682156,-4.295498292529975,213.8084326383457,13.05,14.759134701320104,-2.7689307737147297
1224.029,298.5588743075678,-88.5272178944083,89.44997190461278,-4.317254136355287,225.4281505497953,12.74,14.967737334115165,-2.751600417692898
1224.12,298.5588743075678,-88.5272178944083,89.83153447592028,-4.335007290963136,225.06761366196366,12.74,15.111112867082868,-2.663908516607833
1224.22,298.5588743075678,-88.5272178944083,90.25200155337603,-4.355104765821735,224.67019799066054,12.74,15.154096058436803,-2.7365394968094146
1224.319,298.5588743075678,-88.5272178944083,90.66887759058639,-4.37539836678678,224.27612326058235,12.74,15.17707974570138,-2.786968826886923
1224.422,298.5588743075678,-88.5272178944083,91.09897717311233,-4.397012163591705,223.86938253219972,12.74,15.051576205662318,-2.8768650564633846
1224.52,298.5588743075678,-88.5272178944083,91.50979338725797,-4.417224947008442,223.4811240878224,12.74,15.109463146754674,-2.8167681454132816
1224.62,298.5588743075678,-88.5272178944083,91.92182131761257,-4.4375337614850245,223.09178973227225,12.74,14.851012911115374,-2.821819383342965
1224.72,298.5588743075678,-88.5272178944083,92.3240942931462,-4.457105020654925,222.7118505293387,12.74,14.4989561353411,-2.7853401349382225
1224.82,298.5588743075678,-88.5272178944083,92.71990464654402,-4.476630507308586,222.33799196544967,12.74,14.26649979182652,-2.82413489301456
1224.923,298.5588743075678,-88.5272178944083,93.12070308855037,-4.4965543772904315,221.95944360387418,12.74,14.02578694479806,-2.845856233617696
1225.02,310.8040182947598,-90.21409323538019,93.49099763188917,-4.514603898628122,233.60083780286692,12.39,13.759206771850586,-2.790598839550197
1225.119,310.8040182947598,-90.21409323538019,93.86201850700608,-4.532830895567325,233.24902998309247,12.39,13.507938929966517,-2.8124861574904636
1225.22,310.8040182947598,-90.21409323538019,94.2303770170916,-4.551550155669235,232.89957789388853,12.39,13.146552767072405,-2.909157068048162
1225.32,310.8040182947598,-90.21409323538019,94.58861957873515,-4.569560958288749,232.5598515455565,12.39,12.913020951407296,-2.8781472363705696
1225.42,310.8040182947598,-90.21409323538019,94.94202855852701,-4.586638910414072,232.22501920994569,12.39,12.737569400242396,-2.7665793854415086
1225.52,310.8040182947598,-90.21409323538019,95.28495908087704,-4.603506102561982,231.90005932224977,12.39,12.360422951834542,-2.815849467079857
1225.62,310.8040182947598,-90.21409323538019,95.62015650324585,-4.619869799056021,231.58252408413026,12.39,12.081477846418109,-2.794851449072151
1225.719,310.8040182947598,-90.21409323538019,95.94655423451793,-4.6360709258783634,231.27327507691788,12.39,11.883620534624372,-2.84160978080414
1225.819,310.8040182947598,-90.21409323538019,96.26704143921495,-4.651538680542601,230.96983608312613,12.39,11.550968987601143,-2.7631365361730125
1225.919,310.8040182947598,-90.21409323538019,96.58663810839818,-4.66708084581507,230.66724367080954,12.39,11.519076892307826,-2.784132514391822
1226.02,322.26992584678436,-92.03591860363399,96.91014836571665,-4.683162818976567,241.69719330081256,12.02,11.545297486441475,-2.8458798086173083
1226.12,322.26992584678436,-92.03591860363399,97.22708888426423,-4.698809476718208,241.39604201143442,12.02,11.423754147120885,-2.8262723202859754
1226.22,322.26992584678436,-92.03591860363399,97.5486094277265,-4.714690838824398,241.0905781474425,12.02,11.58885111127581,-2.8278008830355175
1226.32,322.26992584678436,-92.03591860363399,97.87163539472402,-4.730600712504858,240.7837438239516,12.02,11.643031120300293,-2.819688440028869
1226.42,322.26992584678436,-92.03591860363399,98.18972082193999,-4.746716365158271,240.4814818471597,12.02,11.46576281956264,-2.900384492353433
1226.52,322.26992584678436,-92.03591860363399,98.50474595511666,-4.763362042008297,240.18192034529275,12.02,11.356725556509835,-3.0246504745375047
1226.62,322.26992584678436,-92.03591860363399,98.8157027122082,-4.779535197972612,239.88636118319175,12.02,11.20957429068429,-2.9773250946571346
1226.72,322.26992584678436,-92.03591860363399,99.12993870963356,-4.796224310651086,239.58760009629242,12.02,11.328439167567662,-3.0401296651456575
1226.82,322.26992584678436,-92.03591860363399,99.45112568760537,-4.813503813589855,239.28219187014867,12.02,11.579452242170062,-3.0794806350925445
1226.92,322.26992584678436,-92.03591860363399,99.77336270388552,-4.830770521677014,238.9758533040483,12.02,11.617174557277135,-3.0671966030567486
1227.02,333.7358333988089,-93.65531893097237,100.09736755236631,-4.847723223265721,249.94743803140452,11.62,11.680129732404437,-2.9951197949369375
1227.12,333.7358333988089,-93.65531893097237,100.42466989724726,-4.865036169555501,249.6353607310166,11.62,11.79935700552804,-3.027888924415658
1227.22,333.7358333988089,-93.65531893097237,100.7561789996675,-4.88297156018034,249.3191709870381,11.62,11.951781136648995,-3.0968118254802364
1227.32,333.7358333988089,-93.65531893097237,101.08818718152436,-4.899925844100093,249.00290579117345,11.62,11.967868532453265,-2.9233190529636133
1227.42,333.7358333988089,-93.65531893097237,101.41162087185023,-4.917028627143717,248.6946398544167,11.62,11.659880229404994,-3.026912493959173
1227.521,333.7358333988089,-93.65531893097237,101.72918660229121,-4.934145077942469,248.39188965750003,11.62,11.33560425894601,-3.085195515250922
1227.62,333.7358333988089,-93.65531893097237,102.03934114716783,-4.951735370295568,248.09592954786814,11.62,11.296471187046595,-3.2460301205731272
1227.72,333.7358333988089,-93.65531893097237,102.3489596445748,-4.968782942899927,247.80070018327538,11.62,11.163148607526507,-3.151519433674282
1227.82,333.7358333988089,-93.65531893097237,102.65502437731068,-4.985248185568246,247.50903366145064,11.62,11.034262793404716,-3.079349923576045
1227.92,333.7358333988089,-93.65531893097237,102.96121180371838,-5.002299139373967,247.2170784766432,11.62,11.0398257119315,-3.187393059536009
1228.02,343.86590706073196,-95.27471925831077,103.26805040064404,-5.019306423733679,256.9695860901989,9.96,11.063144547598702,-3.172513372104345
1228.12,343.86590706073196,-95.27471925831077,103.57493354944874,-5.036554498477042,256.67621301987276,9.96,11.06522900717599,-3.216870248886175
1228.22,343.86590706073196,-95.27471925831077,103.88523662528262,-5.0537099862753685,256.37970414350747,9.96,11.1879700251988,-3.164446260192318
1228.32,343.86590706073196,-95.27471925831077,104.19221397575944,-5.070979786685368,256.0863014135166,9.96,11.068658828735352,-3.219927374385133
1228.42,343.86590706073196,-95.27471925831077,104.4991177873996,-5.088395634235249,255.79294903466433,9.96,11.06631224496024,-3.2478760009858236
1228.52,343.86590706073196,-95.27471925831077,104.80610758536224,-5.106175401271335,255.49942079484805,9.96,11.07015255519322,-3.3146667565464734
1228.62,343.86590706073196,-95.27471925831077,105.11049092006913,-5.123182415079104,255.20863686736317,9.96,10.974891117640905,-3.1980002968042975
1228.72,343.86590706073196,-95.27471925831077,105.40825141201857,-5.140043384726058,254.9241325028224,9.96,10.736549786158971,-3.2409666439098523
1228.82,343.86590706073196,-95.27471925831077,105.69920908442062,-5.156724340786239,254.64608583855062,9.96,10.491676194327217,-3.281244633640988
1228.92,343.86590706073196,-95.27471925831077,105.97922983318045,-5.172871222007232,254.37848616170825,9.96,10.097492490495954,-3.300201168334446
1229.022,352.8827858151599,-96.82664457201565,106.25502681026575,-5.1885569511484295,263.102243651752,7.99,9.749741418021065,-3.2551441854682635
1229.121,352.8827858151599,-96.82664457201565,106.51417430945715,-5.203629133874428,262.8540844141969,7.99,9.439470291137695,-3.3286090301647424
1229.219,352.8827858151599,-96.82664457201565,106.76228709773487,-5.218018671557413,262.61652695191157,7.99,9.129662649972099,-3.319205268996521
1229.32,352.8827858151599,-96.82664457201565,107.01081798867872,-5.232651494888456,262.37851308877987,7.99,8.87386771610805,-3.369529825440496
1229.42,352.8827858151599,-96.82664457201565,107.25143021120843,-5.247071826702167,262.1480135344325,7.99,8.677582332066127,-3.4297387405331166
1229.52,352.8827858151599,-96.82664457201565,107.49272052675623,-5.261606649036338,261.9168576325007,7.99,8.702196938650948,-3.4472120435717333
1229.62,352.8827858151599,-96.82664457201565,107.73108796512113,-5.27599152632883,261.6885114632441,7.99,8.596839223589216,-3.45346840722094
1229.72,352.8827858151599,-96.82664457201565,107.96498190975696,-5.290242221423168,261.46442133708166,7.99,8.435796328953334,-3.486608344613436
1229.82,352.8827858151599,-96.82664457201565,108.19299531226062,-5.303979294550838,261.24603697634075,7.99,8.223366056169782,-3.44771884476973
1229.92,352.8827858151599,-96.82664457201565,108.4142696308238,-5.317572851340927,261.03403152185075,7.99,7.980892998831613,-3.515436620114782
1230.021,359.78459424431884,-98.17614484479014,108.62839300854478,-5.330779258118296,267.76799534318394,5.98,7.646622930254255,-3.529339496255417
1230.119,359.78459424431884,-98.17614484479014,108.82800295130708,-5.343217131993207,267.5764623077619,5.98,7.346831321716309,-3.565541400393117
1230.22,359.78459424431884,-98.17614484479014,109.02146685855708,-5.355282986836295,267.3908346453579,5.98,6.909141404288156,-3.5687705707379216
1230.32,359.78459424431884,-98.17614484479014,109.20569851763224,-5.366725019496603,267.2140928018454,5.98,6.645118713378906,-3.5538908833062575
1230.42,359.78459424431884,-98.17614484479014,109.38594455576408,-5.377925516392383,267.04118273474785,5.98,6.501373291015625,-3.5557902539694997
1230.52,359.78459424431884,-98.17614484479014,109.56584394919415,-5.3890052734063145,266.8686498431268,5.98,6.488649504525321,-3.5243169123997835
1230.619,359.78459424431884,-98.17614484479014,109.74727352428377,-5.400167454724023,266.6946638640071,5.98,6.609913417271206,-3.52059901687931
1230.72,359.78459424431884,-98.17614484479014,109.93049481389174,-5.411425589619249,266.5189751981656,5.98,6.542976651872907,-3.5161506093709507
1230.82,359.78459424431884,-98.17614484479014,110.10818490797391,-5.422286283361756,266.3486205279155,5.98,6.408781051635742,-3.497655544780717
1230.92,359.78459424431884,-98.17614484479014,110.28042226479407,-5.432877610222506,266.1834808032435,5.98,6.2122569765363425,-3.5188369269563764
1231.02,365.3505687841673,-99.45817010393115,110.44602283253916,-5.443005015125015,271.68948970006403,5.75,5.9727582931518555,-3.4996002465387432
1231.12,365.3505687841673,-99.45817010393115,110.60333004917824,-5.452586273952727,271.53858921765914,5.75,5.673554420471191,-3.485462174934478
1231.22,365.3505687841673,-99.45817010393115,110.74942750233731,-5.461464955834752,271.3984556343468,5.75,5.269211769104004,-3.4777205398415116
1231.32,365.3505687841673,-99.45817010393115,110.88071306685482,-5.4694233353819595,271.27254189820303,5.75,4.734956060137067,-3.468959182985889
1231.42,365.3505687841673,-99.45817010393115,111.00129696888123,-5.476769706550738,271.1568839133888,5.75,4.34906918661935,-3.4863397840461205
1231.52,365.3505687841673,-99.45817010393115,111.11255994825001,-5.483512709978596,271.05018238171823,5.75,4.012816292898996,-3.468122825391161
1231.62,365.3505687841673,-99.45817010393115,111.21570676852247,-5.489752699598824,270.9512715622233,5.75,3.720074244907924,-3.461957123931435
1231.72,365.3505687841673,-99.45817010393115,111.31004184730133,-5.4954082176946555,270.8608313279166,5.75,3.4021603720528737,-3.430854590275347
1231.82,365.3505687841673,-99.45817010393115,111.39541567968756,-5.500524069206722,270.7789855891818,5.75,3.0789710453578403,-3.4292312857584393
1231.92,365.3505687841673,-99.45817010393115,111.47214697980995,-5.50503202077769,270.7054584110621,5.75,2.76708984375,-3.3622530864518443
1232.02,370.24862637856955,-100.67272034943869,111.54291547771994,-5.509199940639809,275.6532975846831,5.57,2.5520805631365096,-3.370548893626398
1232.12,370.24862637856955,-100.67272034943869,111.6119753847946,-5.51325887845735,275.58708305129784,5.57,2.4904470443725586,-3.3636415763392735
1232.22,370.24862637856955,-100.67272034943869,111.68147690919463,-5.517328142755422,275.52045196450626,5.57,2.5063397543770924,-3.350801332432927
1232.32,370.24862637856955,-100.67272034943869,111.7526544955817,-5.521583194251225,275.45218529112407,5.57,2.566967691693987,-3.4211147631737218
1232.42,370.24862637856955,-100.67272034943869,111.82823389446445,-5.526147103419703,275.37968271479104,5.57,2.725814546857561,-3.455645230242594
1232.52,370.24862637856955,-100.67272034943869,111.90890182471969,-5.531068653989346,275.30228326313824,5.57,2.909445217677525,-3.4912881210524858
1232.62,370.24862637856955,-100.67272034943869,111.9956118855351,-5.5363159564765505,275.21910350766115,5.57,3.127272742135184,-3.46305934872764
1232.72,370.24862637856955,-100.67272034943869,112.0912567177481,-5.542140527090391,275.12734274791774,5.57,3.449592726571219,-3.4848896447522755
1232.82,370.24862637856955,-100.67272034943869,112.19639143907592,-5.5486158314094585,275.0264554867851,5.57,3.7920218876429965,-3.5244260186560123
1232.919,370.24862637856955,-100.67272034943869,112.31025954991053,-5.555729820584922,274.9171565572107,5.57,4.148731640407017,-3.5749471236922767
1233.02,376.1485593907456,-101.9547456085797,112.4359329239585,-5.563550321574148,280.776800834522,7.61,4.4881117684500555,-3.56085492936839
1233.119,376.1485593907456,-101.9547456085797,112.56751409264223,-5.571733271411772,280.65040977633987,7.61,4.794013432094029,-3.5586054331861674
1233.22,376.1485593907456,-101.9547456085797,112.71228364618757,-5.580655771618989,280.511384029357,7.61,5.169894082205636,-3.526817358200689
1233.32,376.1485593907456,-101.9547456085797,112.8669757137293,-5.590346975420784,280.3627821723278,7.61,5.579832213265555,-3.584801425810976
1233.42,376.1485593907456,-101.9547456085797,113.03019725482143,-5.600701521828306,280.2059498029315,7.61,5.887787410191128,-3.629899918420308
1233.52,376.1485593907456,-101.9547456085797,113.20050205561868,-5.611480933595997,280.04232805872607,7.61,6.143241609845843,-3.6216947734352343
1233.62,376.1485593907456,-101.9547456085797,113.38013182064708,-5.622801688899576,279.86977319283073,7.61,6.4795011792864114,-3.606166172154596
1233.72,376.1485593907456,-101.9547456085797,113.57065595090526,-5.634732747422715,279.68678955652445,7.61,6.872304235185895,-3.5833141145783403
1233.82,376.1485593907456,-101.9547456085797,113.77646264353235,-5.647303451695704,279.4892494646808,7.61,7.422848837716239,-3.495292566169451
1233.92,376.1485593907456,-101.9547456085797,113.9953545581854,-5.661026246740212,279.2790418067904,7.61,7.8955793380737305,-3.5872982598618752
1234.022,384.2748822187029,-103.70909596318505,114.23194568332939,-5.675938800712949,287.2867687100986,9.94,8.366845948355538,-3.6066339252491497
1234.12,384.2748822187029,-103.70909596318505,114.47346515159195,-5.691178328607931,287.0545537503976,9.94,8.88978808266776,-3.610493963153965
1234.22,384.2748822187029,-103.70909596318505,114.73658094801253,-5.707917963792939,286.80154591835446,9.94,9.491319111415319,-3.6402966293231582
1234.32,384.2748822187029,-103.70909596318505,115.013096847907,-5.725337408224819,286.53573250403747,9.94,9.974305289132255,-3.604651698724322
1234.42,384.2748822187029,-103.70909596318505,115.29830181256874,-5.743494409839803,286.26152360155976,9.94,10.288164411272321,-3.6427048409733476
1234.52,384.2748822187029,-103.70909596318505,115.58539992790037,-5.761447109418446,285.98562867682745,9.94,10.355719430106026,-3.578136893105951
1234.62,384.2748822187029,-103.70909596318505,115.87277278127287,-5.779695898283528,285.70939737350903,9.94,10.366260801042829,-3.633525305320342
1234.721,384.2748822187029,-103.70909596318505,116.16187621754966,-5.797383248280129,285.431756246113,9.94,10.323944091796875,-3.500992428261644
1234.82,384.2748822187029,-103.70909596318505,116.44266381720072,-5.815116494431286,285.1619336975024,9.94,10.23080062866211,-3.6137369552561505
1234.92,384.2748822187029,-103.70909596318505,116.72331477939598,-5.8325117485879305,284.89237788460946,9.94,10.122823442731585,-3.546758755949555
1235.021,394.2936363901137,-106.2731464814671,117.00637274134944,-5.850072207334799,294.9118858718434,11.89,10.108591488429479,-3.549987926294352
1235.121,394.2936363901137,-106.2731464814671,117.2928696736187,-5.868143602470784,294.63636802787494,11.89,10.334387234279088,-3.6092698216027217
1235.22,394.2936363901137,-106.2731464814671,117.58435351885203,-5.8864707251659825,294.35609709419754,11.89,10.620343208312988,-3.5977510545977935
1235.32,394.2936363901137,-106.2731464814671,117.88899459259775,-5.905843095188823,294.06312518955235,11.89,10.989230564662389,-3.6385852561994785
1235.42,394.2936363901137,-106.2731464814671,118.20318915425356,-5.925428714304289,293.76112662497644,11.89,11.332958902631487,-3.566971957971629
1235.519,394.2936363901137,-106.2731464814671,118.5243657193943,-5.9456445255061645,293.45237824046313,11.89,11.702260289873395,-3.601615995162945
1235.621,394.2936363901137,-106.2731464814671,118.86767711466071,-5.966772101803199,293.12254738248436,11.89,12.139795848301478,-3.5215732856390525
1235.72,394.2936363901137,-106.2731464814671,119.20871965974705,-5.98805150505588,292.79482865477763,11.89,12.425664220537458,-3.5703506664610285
1235.82,394.2936363901137,-106.2731464814671,119.55810578339349,-6.010133274775681,292.45902891694294,11.89,12.602996281215123,-3.616376178854506
1235.92,394.2936363901137,-106.2731464814671,119.9173987460224,-6.033655756129048,292.1134630320931,11.89,12.96223681313651,-3.7457407698522394
1236.02,405.8708634326505,-109.64689716342579,120.28547060043755,-6.057845976837494,303.7922120872538,13.51,13.279172624860491,-3.7601549076028356
1236.12,405.8708634326505,-109.64689716342579,120.6615084577484,-6.082161662954285,303.43043783457574,13.51,13.565635136195592,-3.6997585487645583
1236.219,405.8708634326505,-109.64689716342579,121.04033952548009,-6.106689340510027,303.06600268793886,13.51,13.804518835885185,-3.7044839494390347
1236.32,405.8708634326505,-109.64689716342579,121.43140374563576,-6.133485079871602,302.68933365452534,13.51,13.97160598209926,-3.9197828007274467
1236.42,405.8708634326505,-109.64689716342579,121.82880587185689,-6.161452586001389,302.3063474404008,13.51,14.341861043657575,-4.0256010892052085
1236.52,405.8708634326505,-109.64689716342579,122.23414893829549,-6.190089991424052,301.9157113490071,13.51,14.62872314453125,-4.041220352675328
1236.62,405.8708634326505,-109.64689716342579,122.64291710630557,-6.218699861218096,301.52190895094725,13.51,14.75165353502546,-4.0036286805295696
1236.72,405.8708634326505,-109.64689716342579,123.05101242840975,-6.2467441401441075,301.12897530343866,13.51,14.726080349513463,-3.931181064495894
1236.82,405.8708634326505,-109.64689716342579,123.46819305427165,-6.275463276833355,300.7273209746821,13.51,15.054047448294503,-3.938086341994075
1236.92,405.8708634326505,-109.64689716342579,123.89380587760365,-6.304608254305184,300.31764794027396,13.51,15.357943671090263,-3.9173664299215964
1237.02,418.78392436449775,-113.62792296813076,124.32627757045236,-6.333937146519729,313.39640257822816,14.8,15.604741777692523,-3.879682055797413
1237.12,418.78392436449775,-113.62792296813076,124.76001596952095,-6.36290112120277,312.9789827123854,14.8,15.649358204432897,-3.820398120700234
1237.22,418.78392436449775,-113.62792296813076,125.1963122859154,-6.391927770275655,312.55918580659016,14.8,15.741389410836357,-3.8062600490959375
1237.32,418.78392436449775,-113.62792296813076,125.63140274965224,-6.420463756514268,312.1407378727629,14.8,15.696908814566475,-3.7524455307258258
1237.42,418.78392436449775,-113.62792296813076,126.07519571705195,-6.4495074021799885,311.7139916488057,14.8,16.010723522731237,-3.744333087719159
1237.52,418.78392436449775,-113.62792296813076,126.5152079648826,-6.4801326530575265,311.29030109414197,14.8,15.878762381417411,-3.9814173776463018
1237.62,418.78392436449775,-113.62792296813076,126.94775673739328,-6.50936197148889,310.87414631208355,14.8,15.60726819719587,-3.865863341645225
1237.72,418.78392436449775,-113.62792296813076,127.37034014365109,-6.538869643172389,310.4672968453783,14.8,15.250045231410436,-3.9943009128587077
1237.82,418.78392436449775,-113.62792296813076,127.78916529840949,-6.567597066651117,310.0642887951816,14.8,15.113131659371513,-3.9238000383721188
1237.92,418.78392436449775,-113.62792296813076,128.20903265890155,-6.597062523921047,309.6600923224477,14.8,15.152400153023857,-4.014322500409742
1238.022,433.4780971492863,-118.41864893649748,128.64382783940584,-6.627811020339269,324.68619186483045,15.91,15.384038243974958,-4.045193999992202
1238.12,433.4780971492863,-118.41864893649748,129.0605604895508,-6.6567705112097055,324.2849890067844,15.91,15.345465115138463,-3.9751946636067492
1238.22,433.4780971492863,-118.41864893649748,129.48364114948643,-6.68609512458759,323.87774369342765,15.91,15.267445836748395,-3.9649500750963056
1238.319,433.4780971492863,-118.41864893649748,129.91090284294248,-6.715149473803226,323.4667111948889,15.91,15.572669846670967,-3.8901983615879723
1238.42,433.4780971492863,-118.41864893649748,130.35502520589134,-6.744660330279963,323.03974442105755,15.91,15.865012713841029,-3.801577484689442
1238.52,433.4780971492863,-118.41864893649748,130.80313035653367,-6.774567270711804,322.60895290427163,15.91,16.167673792157853,-3.8183091719006597
1238.62,433.4780971492863,-118.41864893649748,131.252517663888,-6.805450527667822,322.17667040667857,15.91,16.216101101466588,-3.9313582146953214
1238.72,433.4780971492863,-118.41864893649748,131.70163466114218,-6.836525105605255,321.7446249286394,15.91,16.206866809300013,-3.958009013598061
1238.82,433.4780971492863,-118.41864893649748,132.15428032088246,-6.867588121369172,321.30932410532057,15.91,16.333569526672363,-3.9257940562009455
1238.92,433.4780971492863,-118.41864893649748,132.61666192155718,-6.899665408275283,320.8645927715568,15.91,16.68574551173619,-3.9684822973712253
1239.022,449.1741453510578,-124.01907506854081,133.09627968923127,-6.9331281204518325,337.06725758232045,17.04,16.968836103166854,-3.991032867370273
1239.12,449.1741453510578,-124.01907506854081,133.5677163754612,-6.966841513135559,336.6134925861372,17.04,17.362307957240514,-4.090374089013184
1239.22,449.1741453510578,-124.01907506854081,134.0485765489224,-7.002583078208415,336.15023949209507,17.04,17.358719417027064,-4.250886544761746
1239.32,449.1741453510578,-124.01907506854081,134.531787633124,-7.037085815673253,335.6852678922002,17.04,17.43988745553153,-4.084161016670139
1239.42,449.1741453510578,-124.01907506854081,135.01985704323593,-7.0717636117947045,335.21573727848045,17.04,17.61479296003069,-4.064090018446636
1239.519,449.1741453510578,-124.01907506854081,135.50299854130608,-7.105356721487249,334.7512597118627,17.04,17.611198697771346,-3.9774075603150187
1239.619,449.1741453510578,-124.01907506854081,135.99332083923258,-7.140603976332875,334.2795324975173,17.04,17.69715200151716,-4.111685356168976
1239.719,449.1741453510578,-124.01907506854081,136.47647066008466,-7.175677050109256,333.8146423056294,17.04,17.43916211809431,-4.151963345900203
1239.82,449.1741453510578,-124.01907506854081,136.95166880636208,-7.210800959910685,333.3572374494664,17.04,16.983960832868302,-4.227286844866009
1239.92,449.1741453510578,-124.01907506854081,137.42545992246534,-7.244948863056679,332.90154613265145,17.04,17.100723811558314,-4.122393536383552
1240.02,465.5381104974845,-130.15930130969699,137.90128680767356,-7.278226391334912,349.92234397168806,17.93,17.171608243669784,-4.000535765849585
1240.12,465.5381104974845,-130.15930130969699,138.37691375589867,-7.311201883606132,349.4654549250746,17.93,17.163672583443777,-3.966003258991847
1240.22,465.5381104974845,-130.15930130969699,138.85627070586222,-7.3447379646689175,349.0049303652731,17.93,17.299030303955078,-4.001924255737095
1240.32,465.5381104974845,-130.15930130969699,139.3346886174987,-7.379186624907311,348.5450171903511,17.93,17.267635890415736,-4.1184959737119025
1240.42,465.5381104974845,-130.15930130969699,139.81733066981192,-7.412654337371245,348.0815504368135,17.93,17.41683714730399,-3.9666954641463548
1240.52,465.5381104974845,-130.15930130969699,140.30841072381597,-7.445420818197115,347.61049190171565,17.93,17.718191419328964,-3.817305206020199
1240.62,465.5381104974845,-130.15930130969699,140.79502172276887,-7.476325582726348,347.14433056031226,17.93,17.553290230887278,-3.633986023790539
1240.72,465.5381104974845,-130.15930130969699,141.2780499067281,-7.508064993620718,346.68128398311757,17.93,17.42651448931013,-3.759457131694419
1240.82,465.5381104974845,-130.15930130969699,141.76274546781937,-7.540161666893279,346.216609085749,17.93,17.487256458827428,-3.78861088401457
1240.92,465.5381104974845,-130.15930130969699,142.24524928096423,-7.57217788160502,345.7540700323548,17.93,17.408334732055664,-3.796257777340167
1241.02,482.2360341170298,-136.5019525917536,142.72611728724246,-7.603327227744022,363.1553926991866,18.15,17.347530092511857,-3.706289487384355
1241.12,482.2360341170298,-136.5019525917536,143.20652322461677,-7.6333934468615166,362.69562279138324,18.15,17.32845115661621,-3.5811871476055157
1241.22,482.2360341170298,-136.5019525917536,143.68301649761614,-7.664187394425507,362.23930692327264,18.15,17.18954222542899,-3.697666163602163
1241.32,482.2360341170298,-136.5019525917536,144.16156714136554,-7.694794363039138,361.78118971532587,18.15,17.263023103986466,-3.659518279585855
1241.42,482.2360341170298,-136.5019525917536,144.64760879018027,-7.726728171522245,361.315656094699,18.15,17.535224642072404,-3.759032833530712
1241.519,482.2360341170298,-136.5019525917536,145.12645384081708,-7.758360540793645,360.8570099197026,18.15,17.45049912588937,-3.779451752132729
1241.619,482.2360341170298,-136.5019525917536,145.61759058188747,-7.790160472579959,360.3868781719878,18.15,17.71794537135533,-3.7045938846601714
1241.719,482.2360341170298,-136.5019525917536,146.12003720892844,-7.823482576970938,359.9056987918809,18.15,18.1278133392334,-3.7942820288919683
1241.819,482.2360341170298,-136.5019525917536,146.63445466818897,-7.856320172939853,359.41357635597626,18.15,18.55672127859933,-3.6524933329966522
1241.92,482.2360341170298,-136.5019525917536,147.17016141365266,-7.890217467349179,358.90126422483627,18.15,19.132685252598353,-3.620611629012965
1242.02,499.3792356986241,-142.77712886019168,147.7108834154058,-7.925405877507982,376.63724880711436,18.22,19.50716754368373,-3.7233707522024657
1242.119,499.3792356986241,-142.77712886019168,148.25226218124993,-7.9614387034086125,376.11889322914965,18.22,19.73005703517369,-3.8078485919356533
1242.22,499.3792356986241,-142.77712886019168,148.8129203317744,-7.999735347452425,375.5817983768347,18.22,20.03042084830148,-3.907609259434259
1242.32,499.3792356986241,-142.77712886019168,149.3666600605971,-8.037773188630055,375.05132591627125,18.22,19.98160743713379,-3.9296249594156945
1242.42,499.3792356986241,-142.77712886019168,149.915871644598,-8.075247763804258,374.5253523953513,18.22,19.817589896065847,-3.903435630616136
1242.52,499.3792356986241,-142.77712886019168,150.45884198983907,-8.110696204291662,374.00600159644443,18.22,19.588545390537806,-3.7353195728481556
1242.62,499.3792356986241,-142.77712886019168,150.99647682444763,-8.1462230644579,373.49166988858315,18.22,19.397065026419504,-3.7806034694142343
1242.72,499.3792356986241,-142.77712886019168,151.53253188343595,-8.18308527415264,372.97839873635013,18.22,19.34355572291783,-3.933792468867215
1242.82,499.3792356986241,-142.77712886019168,152.0647613264235,-8.218216007948755,372.46938818702336,18.22,19.20195416041783,-3.7764298405965198
1242.92,499.3792356986241,-142.77712886019168,152.59646006993373,-8.253384712215878,371.96092699681327,18.22,19.182980673653738,-3.7842621378789674
1243.02,517.1903542256646,-149.0523051286148,153.1307910341374,-8.287384029361524,390.32566987489383,18.77,19.27481596810477,-3.640804806372003
1243.119,517.1903542256646,-149.0523051286148,153.6596902759892,-8.322769495660365,389.8196324342308,18.77,19.27569580078125,-3.827611724989511
1243.22,517.1903542256646,-149.0523051286148,154.2021941459342,-8.358253552449696,389.3009382302907,18.77,19.378090722220286,-3.742267863028306
1243.32,517.1903542256646,-149.0523051286148,154.7382513767293,-8.39513635847744,388.78781614917676,18.77,19.343684605189733,-3.9359676270526083
1243.42,517.1903542256646,-149.0523051286148,155.2710265371716,-8.430539009090623,388.2783548706584,18.77,19.222203935895646,-3.8016877914094014
1243.52,517.1903542256646,-149.0523051286148,155.80383502727005,-8.466031751324927,387.76889576195464,18.77,19.223616463797434,-3.8110960223250543
1243.62,517.1903542256646,-149.0523051286148,156.33681734345512,-8.501292244477089,387.2594250669145,18.77,19.229306629725865,-3.7849993955039807
1243.72,517.1903542256646,-149.0523051286148,156.86666417909817,-8.537380805711283,386.752641317736,18.77,19.11867959158761,-3.896472504665673
1243.82,517.1903542256646,-149.0523051286148,157.39662765001643,-8.573756847258593,386.2457096336859,18.77,19.123574665614537,-3.926553276770073
1243.92,517.1903542256646,-149.0523051286148,157.92257840877036,-8.609824535421415,385.7426928609117,18.77,18.978696005684988,-3.9229832307062344
1244.02,535.001472752705,-155.59738145160182,158.4497853406766,-8.64514243584705,404.210506845863,19.42,19.021989277430944,-3.832551430858298
1244.12,535.001472752705,-155.59738145160182,158.97878212157454,-8.680479212398938,403.7048922579937,19.42,19.08632550920759,-3.8216579284989036
1244.22,535.001472752705,-155.59738145160182,159.5067018565179,-8.716174324434169,403.2002132657099,19.42,19.0485041482108,-3.8681469507846113
1244.32,535.001472752705,-155.59738145160182,160.03062638729716,-8.751833905041979,402.6993300941029,19.42,18.904920033046178,-3.8936853259461923
1244.42,535.001472752705,-155.59738145160182,160.55126334759302,-8.78713981613433,402.20169861973056,19.42,18.785976682390487,-3.8794545523634696
1244.52,535.001472752705,-155.59738145160182,161.06486722723622,-8.82216121272369,401.71077932771635,19.42,18.53267424447196,-3.9008213384959314
1244.62,535.001472752705,-155.59738145160182,161.57501722872468,-8.853732225030166,401.2243964087109,19.42,18.400534766060964,-3.541275695280586
1244.72,535.001472752705,-155.59738145160182,162.08337753512322,-8.887497944946062,400.7389370391227,19.42,18.3412960597447,-3.800052248159738
1244.819,535.001472752705,-155.59738145160182,162.58803536295184,-8.922327174036242,400.2565925700393,19.42,18.394846507481166,-3.9480383592722528
1244.919,535.001472752705,-155.59738145160182,163.10022320274953,-8.959335499773495,399.7665017699567,19.42,18.486832482474192,-4.132746031389762
1245.021,553.2578692425853,-162.74973289733506,163.62698224203635,-8.997296608235608,418.86995567797436,20.09,18.639709745134628,-4.121918327037164
1245.12,553.2578692425853,-162.74973289733506,164.14765918965463,-9.032564534884502,418.3727087380412,20.09,18.97709138052804,-3.874996791118978
1245.22,553.2578692425853,-162.74973289733506,164.68470366283748,-9.069593648994232,417.8596537212651,20.09,19.37950325012207,-3.9442905000972566
1245.32,553.2578692425853,-162.74973289733506,165.23059411094283,-9.10660310316938,417.3384448850049,20.09,19.697168350219727,-3.878517426510337
1245.42,553.2578692425853,-162.74973289733506,165.78237873220053,-9.142497173576528,416.81223424098005,20.09,19.906230926513672,-3.721896414066685
1245.52,553.2578692425853,-162.74973289733506,166.34025846692873,-9.17913264214587,416.2801542123785,20.09,20.12692860194615,-3.7571684969628776
1245.62,553.2578692425853,-162.74973289733506,166.90450828504905,-9.215027193388334,415.7424988845642,20.09,20.354053497314453,-3.639945825350153
1245.72,553.2578692425853,-162.74973289733506,167.4714377190192,-9.251548565367104,415.20219573226973,20.09,20.451764242989675,-3.685878635765311
1245.819,553.2578692425853,-162.74973289733506,168.0258133835199,-9.286091949639918,414.67436134191513,20.09,20.198211942400253,-3.5655147678125765
1245.92,553.2578692425853,-162.74973289733506,168.5913586390304,-9.321628664132787,414.1358563907612,20.09,20.197805404663086,-3.5955218316452444
1246.02,571.9595436960964,-170.17198439763231,169.1523260475724,-9.355738397390876,433.7228603236813,20.4,20.23212514604841,-3.479596987730468
1246.12,571.9595436960964,-170.17198439763231,169.71474576057844,-9.389274764598788,433.18813139688626,20.4,20.283072880336217,-3.412433384467175
1246.221,571.9595436960964,-170.17198439763231,170.28401382351686,-9.424646654214268,432.6464351985511,20.4,20.32987485613142,-3.5555442781366917
1246.32,571.9595436960964,-170.17198439763231,170.84156884122055,-9.459090366213267,432.1160307829726,20.4,20.313378470284597,-3.53503156518498
1246.42,571.9595436960964,-170.17198439763231,171.40577419137344,-9.494219354183183,431.57927017385873,20.4,20.350724628993444,-3.5627947878288206
1246.52,571.9595436960964,-170.17198439763231,171.9757698227124,-9.528667903009307,431.03746298481525,20.4,20.557283673967635,-3.458550393195578
1246.62,571.9595436960964,-170.17198439763231,172.55434787502247,-9.564748139416821,430.4871598403054,20.4,20.869270052228654,-3.568354866745369
1246.72,571.9595436960964,-170.17198439763231,173.1386579639485,-9.602007303168728,429.931176399539,20.4,21.077885491507395,-3.648587409177808
1246.82,571.9595436960964,-170.17198439763231,173.72458585185828,-9.63902362915481,429.3738617362446,20.4,21.135455540248326,-3.6148892201258946
1246.92,571.9595436960964,-170.17198439763231,174.31057064443317,-9.676360050830901,428.8164539794526,20.4,21.138229642595565,-3.6457116080577636
1247.02,591.3291350942628,-177.391810857014,174.8989276359753,-9.714713166174478,448.92062413501986,21.0,21.225806100027903,-3.729652229627015
1247.12,591.3291350942628,-177.391810857014,175.4979187831859,-9.753964353018677,448.3503630412791,21.0,21.60992922101702,-3.7491649761909787
1247.22,591.3291350942628,-177.391810857014,176.10176717513215,-9.793455814298367,447.77558629527056,21.0,21.78498159136091,-3.7417941490117124
1247.319,591.3291350942628,-177.391810857014,176.69031774990256,-9.831736144860297,447.21552688415494,21.0,21.44706072126116,-3.7213732110186415
1247.42,591.3291350942628,-177.391810857014,177.28646636480366,-9.871344737898694,446.6480024553768,21.0,21.295710154942103,-3.801190901898663
1247.52,591.3291350942628,-177.391810857014,177.88039305639745,-9.911135317952056,446.0825472619545,21.0,21.429291588919504,-3.8328476076362854
1247.62,591.3291350942628,-177.391810857014,178.47982952328746,-9.950783098420857,445.51211755382207,21.0,21.62686402457101,-3.7841316980795425
1247.72,591.3291350942628,-177.391810857014,179.08539915001705,-9.991211964311526,444.93579124959643,21.0,21.849036352975027,-3.8194964829542406
1247.82,591.3291350942628,-177.391810857014,179.69143085035188,-10.03101527786505,444.3593539603765,21.0,21.864146641322545,-3.7577095944395897
1247.92,591.3291350942628,-177.391810857014,180.30589209705704,-10.070933418917017,443.77514836975126,21.0,22.167234420776367,-3.716966055027293
1248.02,611.0326849647569,-184.94901238457817,180.93224584477372,-10.113103578354078,464.2779154119875,21.55,22.599782126290457,-3.851707360773375
1248.121,611.0326849647569,-184.94901238457817,181.57291200813066,-10.156920445339813,463.6679544592791,21.55,22.8889707837786,-3.912518365016907
1248.22,611.0326849647569,-184.94901238457817,182.202324956255,-10.20065293753898,463.06853358272247,21.55,22.94292422703334,-3.974603114841777
1248.32,611.0326849647569,-184.94901238457817,182.83148754965953,-10.24514086851897,462.46914296028757,21.55,22.706405912126815,-4.044638439647297
1248.42,611.0326849647569,-184.94901238457817,183.45223922480176,-10.289349493792812,461.87772778117534,21.55,22.40366063799177,-4.073606788010665
1248.52,611.0326849647569,-184.94901238457817,184.06637200219615,-10.334177919192795,461.29228567169565,21.55,22.16760199410575,-4.174882679545367
1248.62,611.0326849647569,-184.94901238457817,184.67911402408456,-10.377875877371354,460.70863802980807,21.55,22.114735739571707,-4.0791668669272125
1248.72,611.0326849647569,-184.94901238457817,185.28747232170366,-10.421890934834984,460.1290060515768,21.55,21.958145141601562,-4.138170656300306
1248.82,611.0326849647569,-184.94901238457817,185.89442190780798,-10.464365521201355,459.55134066404025,21.55,21.903622763497488,-4.003056502851581
1248.92,611.0326849647569,-184.94901238457817,186.4972951117786,-10.50721210307202,458.97738389061516,21.55,21.7581787109375,-4.065212159491128
1249.02,631.849429742746,-192.9110639939881,187.10450759914966,-10.551145709315898,480.67992008123855,22.12,21.916791915893555,-4.138306649584669
1249.12,631.849429742746,-192.9110639939881,187.71966395111838,-10.594314097441195,480.09441379271016,22.12,22.200089590890066,-4.014131329590079
1249.22,631.849429742746,-192.9110639939881,188.3400960432164,-10.637905658711851,479.50394506001453,22.12,22.390616825648717,-4.018997163562924
1249.32,631.849429742746,-192.9110639939881,188.9586283904757,-10.679568419262443,478.91604682016805,22.12,22.31762068612235,-3.8534767611908394
1249.42,631.849429742746,-192.9110639939881,189.576982794422,-10.722456013521182,478.3279274802155,22.12,22.314236777169363,-3.967545525748434
1249.519,631.849429742746,-192.9110639939881,190.1874111127992,-10.765184412591735,477.7472764430584,22.12,22.251706532069615,-4.0040250621125635
1249.62,631.849429742746,-192.9110639939881,190.81345155730705,-10.810783971922794,477.15117734120867,22.12,22.373427527291433,-4.165955384421788
1249.72,631.849429742746,-192.9110639939881,191.4353072558339,-10.853949576562991,476.55995655942,22.12,22.440673828125,-3.970770348953301
1249.82,631.849429742746,-192.9110639939881,192.05677317149963,-10.897190665179119,475.9691490613125,22.12,22.426863806588308,-3.9801785798689537
1249.92,631.849429742746,-192.9110639939881,192.6801845422021,-10.943012934545674,475.3756383497026,22.12,22.503352573939733,-4.203821082924999
1250.02,652.5548550302228,-201.4129157125109,193.30932273879412,-10.989388662928812,497.15951020134435,22.66,22.71042469569615,-4.2158249692365475
1250.12,652.5548550302228,-201.4129157125109,193.94625292487535,-11.038435861518364,496.5524066033281,22.66,22.99737058367048,-4.403406402684808
1250.22,652.5548550302228,-201.4129157125109,194.591129944557,-11.084423594350245,495.9392184595931,22.66,23.274528775896346,-4.078994809291752
1250.32,652.5548550302228,-201.4129157125109,195.2434410707583,-11.131985914149155,495.31864651205467,22.66,23.54554067339216,-4.170258887156568
1250.42,652.5548550302228,-201.4129157125109,195.90291760830857,-11.17852896494139,494.6919383337591,22.66,23.800208500453405,-4.0369987732760375
1250.521,652.5548550302228,-201.4129157125109,196.572057859294,-11.226096350722997,494.0560065162428,22.66,23.91073090689523,-4.066163176124756
1250.62,652.5548550302228,-201.4129157125109,197.22763224758506,-11.271825056039575,493.4333938466085,22.66,23.89699363708496,-3.9901266131954536
1250.719,652.5548550302228,-201.4129157125109,197.87891232104624,-11.317091200977401,492.81501131276246,22.66,23.74004554748535,-3.9758545974312733
1250.82,652.5548550302228,-201.4129157125109,198.53801039901114,-11.362807097114999,492.18933246628336,22.66,23.549048287527903,-3.9677546589927695
1250.92,652.5548550302228,-201.4129157125109,199.1913585569084,-11.408419984219856,491.56908805525103,22.66,23.577783584594727,-3.9935711400896836
1251.02,673.4829192995152,-210.18466748558254,199.84342941268122,-11.453511689287886,513.6423256161737,23.13,23.53061076572963,-3.9557940639870757
1251.12,673.4829192995152,-210.18466748558254,200.49547078839367,-11.49898561634761,513.0235146939208,23.13,23.530505316598074,-3.989397511271621
1251.22,673.4829192995152,-210.18466748558254,201.15233565823053,-11.543129685235021,512.4008594670812,23.13,23.70047514779227,-3.8447350540448046
1251.32,673.4829192995152,-210.18466748558254,201.80808458735697,-11.586835867311661,511.7794919926167,23.13,23.6593382699149,-3.8131690104966633
1251.42,673.4829192995152,-210.18466748558254,202.46351495403147,-11.630656615965307,511.15846320137007,23.13,23.64817019871303,-3.8249874928513896
1251.52,673.4829192995152,-210.18466748558254,203.1210068314297,-11.674025912495118,510.5358004277405,23.13,23.72114453996931,-3.7738613318555996
1251.62,673.4829192995152,-210.18466748558254,203.78048960220642,-11.716815526442177,509.91162050381877,23.13,23.791301454816544,-3.712352549276224
1251.72,673.4829192995152,-210.18466748558254,204.44053999549706,-11.761374762472675,509.2863209219892,23.13,23.81589916774205,-3.862111575527476
1251.82,673.4829192995152,-210.18466748558254,205.09184867509023,-11.804030838480422,508.6699047881687,23.13,23.497344698224747,-3.7471137513969484
1251.919,673.4829192995152,-210.18466748558254,205.72867514936584,-11.844547668077535,508.0677474999764,23.13,23.204148156302317,-3.640424352281425
1252.021,695.0789005134627,-219.09136928593617,206.3788961195973,-11.88518463447802,530.8126762355796,23.68,22.99374989100865,-3.576172497762596
1252.12,695.0789005134627,-219.09136928593617,207.00613386924854,-11.924667120348767,530.219829906335,23.68,22.85378783089774,-3.6018225890071296
1252.22,695.0789005134627,-219.09136928593617,207.63717679590775,-11.965138994085558,529.6231766979745,23.68,22.764219284057617,-3.669633066330607
1252.32,695.0789005134627,-219.09136928593617,208.26200809117452,-12.005432249937316,529.0323922651348,23.68,22.54064886910575,-3.6897020247651198
1252.42,695.0789005134627,-219.09136928593617,208.88440283763734,-12.046859333036501,528.4434867342812,23.68,22.45578956604004,-3.808035080330268
1252.52,695.0789005134627,-219.09136928593617,209.50905534754898,-12.089218911887956,527.8522187070256,23.68,22.539136614118302,-3.879460934812162
1252.62,695.0789005134627,-219.09136928593617,210.1305625655376,-12.130864663445742,527.2642041254563,23.68,22.424434116908483,-3.833526084608165
1252.72,695.0789005134627,-219.09136928593617,210.7511966312177,-12.173095974394906,526.676842644593,23.68,22.394492285592214,-3.892715277938109
1252.82,695.0789005134627,-219.09136928593617,211.37486577096516,-12.21548260349015,526.0867093139871,23.68,22.503882544381277,-3.8880328081331808
1252.92,695.0789005134627,-219.09136928593617,212.00057522968703,-12.258279956013682,525.4946195735378,23.68,22.578169686453684,-3.9128295674674187
1253.02,717.1201596902501,-227.99807108628974,212.62883451466558,-12.302138742584365,548.6676885028294,24.17,22.672379357474192,-3.99334021583495
1253.122,717.1201596902501,-227.99807108628974,213.27251597574,-12.347072538489057,548.0582097289735,24.17,22.7734557560512,-3.993197341515599
1253.22,717.1201596902501,-227.99807108628974,213.89501125771486,-12.390258093898375,547.4689754116749,24.17,22.922136034284318,-3.968531126619499
1253.323,717.1201596902501,-227.99807108628974,214.55782537168176,-12.43563534470685,546.841899984422,24.17,23.220545087541854,-3.9164440790204202
1253.422,717.1201596902501,-227.99807108628974,215.20729962084107,-12.480401908270077,546.2274112775563,24.17,23.673281533377512,-3.94301191985136
1253.52,717.1201596902501,-227.99807108628974,215.86026682123375,-12.52622953718867,545.6093792262178,24.17,24.04555347987584,-4.014644520143063
1253.62,717.1201596902501,-227.99807108628974,216.5373717271869,-12.573342251463469,544.9687526807676,24.17,24.434710911342076,-3.980204715263751
1253.72,717.1201596902501,-227.99807108628974,217.2163563683393,-12.622160692471438,544.3258172764523,24.17,24.506545748029435,-4.112443067592662
1253.819,717.1201596902501,-227.99807108628974,217.8887659340321,-12.669420097701341,543.6896287849726,24.17,24.511574608939036,-4.0203458869012465
1253.92,717.1201596902501,-227.99807108628974,218.5762730270288,-12.71870093329266,543.0388698267758,24.17,24.568077632359095,-4.099976319784849
1254.02,739.7180163219715,-237.10719792755876,219.25909246725553,-12.764496973264647,566.7513907274308,24.72,24.636724744524276,-3.837026138088223
1254.119,739.7180163219715,-237.10719792755876,219.93273165566237,-12.811417751609303,566.1142456787092,24.72,24.55531964983259,-3.9843698244902535
1254.22,739.7180163219715,-237.10719792755876,220.61562839594055,-12.856762972267546,565.4693154611882,24.72,24.39447593688965,-3.798936563443294
1254.32,739.7180163219715,-237.10719792755876,221.2866818093723,-12.900349661599606,564.836046489483,24.72,24.20882851736886,-3.7162917297830473
1254.42,739.7180163219715,-237.10719792755876,221.9581076943774,-12.939648222929806,564.2042301530819,24.72,24.21269907270159,-3.3497007362065787
1254.52,739.7180163219715,-237.10719792755876,222.63166768714515,-12.980736813698382,563.5698381885957,24.72,24.29323468889509,-3.4908384784639774
1254.62,739.7180163219715,-237.10719792755876,223.30689168243046,-13.023740341286619,562.9332514741817,24.72,24.3573123386928,-3.6441201798950345
1254.72,739.7180163219715,-237.10719792755876,223.98148363138915,-13.063281674410243,562.2987173751617,24.72,24.32699339730399,-3.3545645303898106
1254.82,739.7180163219715,-237.10719792755876,224.65603959891706,-13.105077894050975,561.6634131269067,24.72,24.330585479736328,-3.5455759370397915
1254.92,739.7180163219715,-237.10719792755876,225.32807127395287,-13.149632227743396,561.0294170546591,24.72,24.24625151497977,-3.793042848551083
1255.02,763.0951093880695,-246.62117485065866,225.99299920374852,-13.193582139276392,585.6339452281445,25.16,23.98963791983468,-3.781593134321139
1255.12,763.0951093880695,-246.62117485065866,226.65302694872454,-13.236698173558205,585.0114714821453,25.16,23.811642510550364,-3.7375123236856393
1255.22,763.0951093880695,-246.62117485065866,227.3115172601874,-13.281035866365702,584.3900050947706,25.16,23.759326934814453,-3.8520445981353593
1255.32,763.0951093880695,-246.62117485065866,227.97234562975777,-13.325213606322947,583.766543941371,25.16,23.84292275565011,-3.8246501436163367
1255.42,763.0951093880695,-246.62117485065866,228.63640117933883,-13.368847908731304,583.1404280308209,25.16,23.95755304609026,-3.759433281899818
1255.52,763.0951093880695,-246.62117485065866,229.3088090488654,-13.412400069052488,582.506778557085,25.16,24.25740623474121,-3.705896869464982
1255.62,763.0951093880695,-246.62117485065866,229.99374896561957,-13.45773274922282,581.861023971237,25.16,24.71178409031459,-3.7865929217893624
1255.72,763.0951093880695,-246.62117485065866,230.68961384767627,-13.504404246652179,581.2048179587405,25.16,25.10741697038923,-3.8370681291473487
1255.82,763.0951093880695,-246.62117485065866,231.39756748767422,-13.552690269686718,580.5369881134134,25.16,25.545542580740793,-3.901819441182651
1255.92,763.0951093880695,-246.62117485065866,232.10815852823814,-13.601090904027966,579.8667963471574,25.16,25.64054979596819,-3.8965807595071613
1256.02,786.3608829636553,-256.27010180104054,232.818184960795,-13.649168585458227,604.379380643223,25.56,25.619482857840403,-3.873728701930958
1256.12,786.3608829636553,-256.27010180104054,233.52664914406108,-13.699238386205495,603.7104553183722,25.56,25.56832640511649,-4.042584335737394
1256.22,786.3608829636553,-256.27010180104054,234.2337289325177,-13.74872229412614,603.0431275924304,25.56,25.51713126046317,-4.003231326001474
1256.32,786.3608829636553,-256.27010180104054,234.93099926173963,-13.798515724573491,602.3847497189365,25.56,25.16565568106515,-4.084668994153254
1256.42,786.3608829636553,-256.27010180104054,235.62646621425114,-13.848217116679601,601.7281512163312,25.56,25.100663048880442,-4.087680788557597
1256.52,786.3608829636553,-256.27010180104054,236.31884325905517,-13.896731138920703,601.074950608087,25.56,24.98668643406459,-4.00809512018537
1256.62,786.3608829636553,-256.27010180104054,237.0059776809819,-13.943632829256613,600.4272891220618,25.56,24.794396809169225,-3.904777745336376
1256.72,786.3608829636553,-256.27010180104054,237.68466758536087,-13.98945452251923,599.7878803106543,25.56,24.48845890590123,-3.862458272290853
1256.82,786.3608829636553,-256.27010180104054,238.35811660418858,-14.036348257003226,599.1529214596734,25.56,24.302869251796178,-3.983201579294779
1256.92,786.3608829636553,-256.27010180104054,239.0227172075722,-14.083203411131821,598.5261576948475,25.56,23.985008239746094,-4.032749766868515
1257.02,810.6285319570147,-266.1889288059712,239.68413271373396,-14.131437248115835,624.1077519769395,25.8,23.874188559395925,-4.170921045816318
1257.12,810.6285319570147,-266.1889288059712,240.3381435804244,-14.178586994294541,623.490448567386,25.8,23.605497087751115,-4.123502963957523
1257.22,810.6285319570147,-266.1889288059712,240.9859878083064,-14.224655281129696,622.8793006972653,25.8,23.38128444126674,-4.067463598105087
1257.32,810.6285319570147,-266.1889288059712,241.6359433686453,-14.267783758510127,622.2674900639735,25.8,23.44985662187849,-3.796355642307072
1257.42,810.6285319570147,-266.1889288059712,242.29093276472065,-14.30939930638478,621.6517707178141,25.8,23.627164023263113,-3.6354703388558653
1257.52,810.6285319570147,-266.1889288059712,242.9510465211444,-14.3528059935601,621.0307240579813,25.8,23.815416608537948,-3.7621465724789833
1257.62,810.6285319570147,-266.1889288059712,243.61281933000575,-14.396156698930987,620.4082675555369,25.8,23.874882289341517,-3.7479157988962934
1257.719,810.6285319570147,-266.1889288059712,244.277295305418,-14.441462912424388,619.7826311220858,25.8,24.21886362348284,-3.900582432899832
1257.82,810.6285319570147,-266.1889288059712,244.96564678989637,-14.485601378529752,619.135740119753,25.8,24.585688727242605,-3.6688964467379934
1257.919,810.6285319570147,-266.1889288059712,245.65011032411982,-14.529092581626925,618.4927566910229,25.8,24.9397771017892,-3.6357187894937963
1258.02,834.7848614590712,-276.04028079728346,246.35469499965276,-14.574282515276813,643.905683355152,26.15,25.165509905133927,-3.6697519002493886
1258.119,834.7848614590712,-276.04028079728346,247.05585282322122,-14.621266562418349,643.2459005664999,26.15,25.553827013288224,-3.833615079206735
1258.22,834.7848614590712,-276.04028079728346,247.78021557349027,-14.668890665638829,642.5647499440073,26.15,25.87461199079241,-3.761566534991253
1258.32,834.7848614590712,-276.04028079728346,248.51543507616006,-14.717286488952734,641.8734670210473,26.15,26.525181906563894,-3.7660615610503876
1258.42,834.7848614590712,-276.04028079728346,249.25696093026966,-14.765224492568368,641.1767130399373,26.15,26.750656127929688,-3.698897957786942
1258.52,834.7848614590712,-276.04028079728346,249.99964581489718,-14.814219107611823,640.4785739912767,26.15,26.794771466936385,-3.7743099973411045
1258.62,834.7848614590712,-276.04028079728346,250.74598755223533,-14.865028781737546,639.7764597886897,26.15,26.930493218558176,-3.8945897944529064
1258.72,834.7848614590712,-276.04028079728346,251.49487961124018,-14.916222050398607,639.0719654158595,26.15,27.023031779697963,-3.910579865836762
1258.82,834.7848614590712,-276.04028079728346,252.24053598822928,-14.968783989266132,638.3699692058334,26.15,26.910239355904714,-4.0321574906465125
1258.92,834.7848614590712,-276.04028079728346,252.9776933184161,-15.017055747066298,637.6775869634002,26.15,26.59450122288295,-3.746588026213567
1259.02,858.4959129982877,-286.498907911327,253.70479627836696,-15.064402681089646,662.909485143268,26.41,26.231143678937638,-3.7256827101842855
1259.12,858.4959129982877,-286.498907911327,254.42789486043034,-15.111796093431133,662.2304243976246,26.41,26.08740179879325,-3.749923257647918
1259.22,858.4959129982877,-286.498907911327,255.145177652518,-15.159504754193621,661.5566351779344,26.41,25.8792359488351,-3.8053116698624336
1259.32,858.4959129982877,-286.498907911327,255.85729807886415,-15.204438562905993,660.888787384869,26.41,25.687319346836635,-3.6104974423080893
1259.42,858.4959129982877,-286.498907911327,256.5730132307151,-15.248254785250104,660.2182170206504,26.41,25.813984189714706,-3.5032865843650067
1259.519,858.4959129982877,-286.498907911327,257.2838424727377,-15.29073939903816,659.5527457401788,26.41,25.89446231297084,-3.420366899537656
1259.62,858.4959129982877,-286.498907911327,258.0179771862385,-15.333172930621682,658.8661527387226,26.41,26.210852759225027,-3.3080578860924224
1259.72,858.4959129982877,-286.498907911327,258.74256994256854,-15.37515666566949,658.1885451722997,26.41,26.129089082990372,-3.31607558733172
1259.82,858.4959129982877,-286.498907911327,259.46692506789503,-15.418205608662223,657.5108178135297,26.41,26.12279564993722,-3.4011286326420698
1259.92,858.4959129982877,-286.498907911327,260.20016181230886,-15.462117523958366,656.8247465120975,26.41,26.443816593715123,-3.427223219674259
1260.02,882.9862009726716,-297.159960066301,260.93676196040786,-15.501575687507861,682.8447481429025,26.67,26.555624553135463,-3.066287046782541
