time,reference_north,reference_east,nav_north,nav_east,position_error,gps_speed,ai_speed
1200.02,0.0,0.0,0.0,0.0,0.0,11.32,58.11216201782227
1200.121,0.0,0.0,1.6303685042854934,0.001390175447517027,1.6303690969697295,11.32,58.11216583251954
1200.22,0.0,0.0,3.2284510597825995,0.0036111438515311267,3.2284530793820294,11.32,58.11214904785157
1200.32,0.0,0.0,4.842674217697143,0.006708405040429173,4.842678864166694,11.32,58.11214065551758
1200.419,0.0,0.0,6.440751923934814,0.011108267579463874,6.440761503058363,11.32,58.11213684082031
1200.52,0.0,0.0,8.071108521435356,0.01713821280872949,8.071126717077654,11.32,58.112117767333984
1200.62,0.0,0.0,9.685317897012627,0.024280305066550815,9.685348331340862,11.32,58.11210632324219
1200.72,0.0,0.0,11.299522429389869,0.0324565271373192,11.29956904304047,11.32,58.11210861206055
1200.82,0.0,0.0,12.913721499057916,0.04164073020424458,12.913788634852382,11.32,58.11210708618164
1200.92,0.0,0.0,14.527915266868298,0.051693369581820144,14.52800723450273,11.32,58.11210250854492
1201.02,11.799866024352157,0.6072751227462748,16.142101377266023,0.06292058039591238,4.37622322646737,11.73,58.11210556030274
1201.12,11.799866024352157,0.6072751227462748,17.75627877244877,0.07528252802567145,5.980122820354562,11.73,58.112090301513675
1201.22,11.799866024352157,0.6072751227462748,19.370447330392192,0.08869560418430147,7.5883216872003265,11.73,58.11207427978516
1201.32,11.799866024352157,0.6072751227462748,20.984604978802125,0.10327167236883734,9.198556905264164,11.73,58.11204452514649
1201.419,11.799866024352157,0.6072751227462748,22.582608131668874,0.1189785787131018,10.793792700798718,11.73,58.112012481689455
1201.519,11.799866024352157,0.6072751227462748,24.19673847064349,0.13615455241414248,12.405821256225131,11.73,58.11198196411133
1201.619,11.799866024352157,0.6072751227462748,25.81085373134839,0.1546749798960561,14.01829602394341,11.73,58.111974334716805
1201.719,11.799866024352157,0.6072751227462748,27.424955943052815,0.17428753505707295,15.631088036940161,11.73,58.11196899414063
1201.819,11.799866024352157,0.6072751227462748,29.039046434668357,0.1948386949821797,17.244113344164052,11.73,58.111967468261724
1201.919,11.799866024352157,0.6072751227462748,30.653123024080454,0.21647315492724997,18.857306957141446,11.73,58.11197662353516
1202.02,24.156329502056384,1.5519253137049014,32.28332415468265,0.23952081227681138,8.232280829708415,11.93,58.1119857788086
1202.12,24.156329502056384,1.5519253137049014,33.897367356583196,0.263550010844218,9.82587041459156,11.93,58.111994171142584
1202.219,24.156329502056384,1.5519253137049014,35.49525747215707,0.28817151606779073,11.409134987902192,11.93,58.11199264526367
1202.319,24.156329502056384,1.5519253137049014,37.10927224468523,0.3140055079282152,13.01196261673678,11.93,58.111974334716805
1202.42,24.156329502056384,1.5519253137049014,38.7394074462634,0.34128409408415566,14.633243471269859,11.93,58.11196365356446
1202.519,24.156329502056384,1.5519253137049014,40.33724309031686,0.36915776705586245,16.22408406105438,11.93,58.11195449829101
1202.62,24.156329502056384,1.5519253137049014,41.96733505098066,0.39883905004392484,17.84829197977372,11.93,58.111918640136714
1202.72,24.156329502056384,1.5519253137049014,43.58126707792151,0.42926495670552567,19.457352494710964,11.93,58.1118766784668
1202.819,24.156329502056384,1.5519253137049014,45.17904157186397,0.4603344347973769,21.051033072439644,11.93,58.11187438964844
1202.919,24.156329502056384,1.5519253137049014,46.7929288584729,0.49302979183940965,22.661352345990814,11.93,58.1118637084961
1203.021,36.51279298055158,0.877175177310163,48.43907471616372,0.5273010523460374,11.931412654858393,11.8,58.11185531616212
1203.119,36.51279298055158,0.877175177310163,50.02063976367421,0.5614393517480101,13.511536323744233,11.8,58.11184082031251
1203.22,36.51279298055158,0.877175177310163,51.65059599418354,0.5977381486549301,15.140381934829401,11.8,58.11185455322266
1203.32,36.51279298055158,0.877175177310163,53.26438928328065,0.6347810298175827,16.7533499221005,11.8,58.11186141967774
1203.42,36.51279298055158,0.877175177310163,54.87815498892785,0.6729914882982084,18.366497017057142,11.8,58.11184844970704
1203.52,36.51279298055158,0.877175177310163,56.491894780583046,0.7122698185062374,19.97978234399421,11.8,58.11183853149414
1203.62,36.51279298055158,0.877175177310163,58.105603842910675,0.7528087055897479,21.593169011446676,11.8,58.111854553222656
1203.72,36.51279298055158,0.877175177310163,59.719283444812795,0.7945005266488641,23.206637730737917,11.8,58.11185150146484
1203.82,36.51279298055158,0.877175177310163,61.332937685546,0.837138588354916,24.820176995849923,11.8,58.11182861328125
1203.92,36.51279298055158,0.877175177310163,62.94656628598647,0.8807526870321033,26.433773547522456,11.8,58.11184463500976
1204.02,47.533422568945284,-1.416975286422957,64.56016437284192,0.925519692988521,17.18712364490142,10.88,58.111882781982416
1204.12,47.533422568945284,-1.416975286422957,66.17372972722562,0.9714848617332336,18.792705841213166,10.88,58.11191711425781
1204.22,47.533422568945284,-1.416975286422957,67.7872618085013,1.0186311474302958,20.39975937707125,10.88,58.11194610595703
1204.32,47.533422568945284,-1.416975286422957,69.40076175029792,1.0668846770450597,22.007954997919263,10.88,58.11196746826172
1204.42,47.533422568945284,-1.416975286422957,71.01422462738061,1.1163675725021178,23.61706779742751,10.88,58.11197357177735
1204.52,47.533422568945284,-1.416975286422957,72.62765081672919,1.1670244885513965,25.226917096406034,10.88,58.11196441650391
1204.62,47.533422568945284,-1.416975286422957,74.24104237474064,1.2187587648597404,26.83736294198824,10.88,58.111948394775396
1204.719,47.533422568945284,-1.416975286422957,75.83825768567104,1.2712632854142083,28.432205640859884,10.88,58.11192932128907
1204.82,47.533422568945284,-1.416975286422957,77.46770088165027,1.3260251372732048,30.059691771987243,10.88,58.11195373535156
1204.92,47.533422568945284,-1.416975286422957,79.08096645970114,1.38158068511844,31.671429413037508,10.88,58.11198730468751
1205.02,57.66349623086833,-4.993151009282107,80.69420472743171,1.4379491990581665,23.91176663785825,10.76,58.11201934814454
1205.12,57.66349623086833,-4.993151009282107,82.3073950462659,1.4956997273720036,25.483856315442726,10.76,58.112052917480476
1205.219,57.66349623086833,-4.993151009282107,83.90442024046258,1.5538285258407132,27.045314453905267,10.76,58.112099456787114
1205.319,57.66349623086833,-4.993151009282107,85.51754865110983,1.6133412930402433,28.62680521417306,10.76,58.112129974365246
1205.419,57.66349623086833,-4.993151009282107,87.13063145682489,1.6740883142996328,30.211986671232403,10.76,58.112144470214844
1205.519,57.66349623086833,-4.993151009282107,88.7436639638272,1.7361698099607683,31.80032366183013,10.76,58.11216278076172
1205.62,57.66349623086833,-4.993151009282107,90.37275850454769,1.8006269174982061,33.40735333735301,10.76,58.112169647216795
1205.721,57.66349623086833,-4.993151009282107,92.00182263758703,1.8658496218229093,35.01666103545358,10.76,58.11217193603516
1205.819,57.66349623086833,-4.993151009282107,93.58245908640558,1.930119527279909,36.58009797061637,10.76,58.112174987792976
1205.92,57.66349623086833,-4.993151009282107,95.21143627200182,1.9974964710770653,38.19315322838908,10.76,58.11219787597656
1206.019,67.90488938409456,-9.513976923099886,96.80812730878787,2.064245869926897,31.13603066507346,11.47,58.112205505371094
1206.121,67.90488938409456,-9.513976923099886,98.45316494878396,2.13392040246046,32.693587323556216,11.47,58.1122055053711
1206.22,67.90488938409456,-9.513976923099886,100.04977279288411,2.202641699315157,34.21363297441236,11.47,58.112222290039064
1206.321,67.90488938409456,-9.513976923099886,101.67857958102199,2.2740149610901654,35.77176123955547,11.47,58.112191009521496
1206.42,67.90488938409456,-9.513976923099886,103.27508175951942,2.345118123864428,37.30534337072233,11.47,58.11217269897462
1206.52,67.90488938409456,-9.513976923099886,104.88764276354243,2.418437573346707,38.86008959382456,11.47,58.11217117309571
1206.62,67.90488938409456,-9.513976923099886,106.50015491755363,2.492824097355489,40.41976982051013,11.47,58.11217193603515
1206.72,67.90488938409456,-9.513976923099886,108.11262250144884,2.568164678909045,41.983805784223314,11.47,58.11216201782227
1206.82,67.90488938409456,-9.513976923099886,109.72503911306447,2.6446121063935837,43.55176472362034,11.47,58.112202453613286
1206.92,67.90488938409456,-9.513976923099886,111.33739618766485,2.72232271942343,45.123272002191904,11.47,58.11223297119141
1207.02,78.48024100964841,-14.84450300057936,112.94969156401042,2.8013021974818315,38.72360343004678,12.42,58.1122314453125
1207.122,78.48024100964841,-14.84450300057936,114.5941843443851,2.8828366647961543,40.23028057068666,12.42,58.11221618652343
1207.219,78.48024100964841,-14.84450300057936,116.15800446370774,2.9615715462198264,41.67337458937323,12.42,58.11219940185547
1207.319,78.48024100964841,-14.84450300057936,117.77012624829545,3.0439935396637314,43.17051529153137,12.42,58.11218566894532
1207.42,78.48024100964841,-14.84450300057936,119.3982856033075,3.1288258962381263,44.69146367039066,12.42,58.112122344970714
1207.52,78.48024100964841,-14.84450300057936,121.0102812654937,3.2136013752336354,46.204972219573705,12.42,58.11203918457032
1207.62,78.48024100964841,-14.84450300057936,122.62219933374826,3.2998138493993454,47.72555624232146,12.42,58.11198959350586
1207.72,78.48024100964841,-14.84450300057936,124.23403421659403,3.3875647044582387,49.2525926792186,12.42,58.11198348999024
1207.82,78.48024100964841,-14.84450300057936,125.84578632770771,3.4768168176916325,50.785486540551126,12.42,58.11197128295898
1207.92,78.48024100964841,-14.84450300057936,127.45747421375799,3.5672435953961092,52.323625495985546,12.42,58.11201629638671
1208.02,89.94614856088197,-20.714829187186616,129.06910155387123,3.6587651639868173,46.0942247194505,13.39,58.11206130981445
1208.12,89.94614856088197,-20.714829187186616,130.68066648639837,3.7513868999951123,47.517330314832364,13.39,58.11207733154298
1208.22,89.94614856088197,-20.714829187186616,132.2921445770766,3.8455060124491602,48.952971755778435,13.39,58.11207427978516
1208.32,89.94614856088197,-20.714829187186616,133.9035428528769,3.9409739943439077,50.400011343930075,13.39,58.1120574951172
1208.42,89.94614856088197,-20.714829187186616,135.51487694911586,4.037504277163382,51.85737188530686,13.39,58.11202545166016
1208.52,89.94614856088197,-20.714829187186616,137.12614324250268,4.1351590781090035,53.32423290534135,13.39,58.11202392578126
1208.62,89.94614856088197,-20.714829187186616,138.73734108537764,4.2339395763095125,54.7998314849307,13.39,58.11203002929688
1208.72,89.94614856088197,-20.714829187186616,140.34846420389303,4.333935544943939,56.28351478704351,13.39,58.11203918457032
1208.82,89.94614856088197,-20.714829187186616,141.9595103394756,4.43517639085295,57.774670783019495,13.39,58.11206665039063
1208.92,89.94614856088197,-20.714829187186616,143.57051342995757,4.537108629319234,59.27253049347926,13.39,58.112086486816416
1209.022,102.30261203937717,-26.855055428327795,145.21368158612043,4.641947465792359,53.22988898126363,13.48,58.11209182739259
1209.12,102.30261203937717,-26.855055428327795,146.79233163724675,4.743921947337008,54.56950174854849,13.48,58.11208877563477
1209.219,102.30261203937717,-26.855055428327795,148.38700213199658,4.8482900352337674,55.9363309825613,13.48,58.11207962036133
1209.319,102.30261203937717,-26.855055428327795,149.9977011934491,4.954912604280217,57.32970953746769,13.48,58.112071990966804
1209.419,102.30261203937717,-26.855055428327795,151.60834536128115,5.0623507054530394,58.73479507684881,13.48,58.11204681396485
1209.52,102.30261203937717,-26.855055428327795,153.2350380408215,5.1717307265185255,60.16499854401111,13.48,58.112052917480476
1209.62,102.30261203937717,-26.855055428327795,154.84556000527022,5.2810023039626595,61.59129473813365,13.48,58.112088012695324
1209.72,102.30261203937717,-26.855055428327795,156.4560531387453,5.390702975640838,63.02685235635559,13.48,58.11210021972657
1209.82,102.30261203937717,-26.855055428327795,158.06643215917038,5.502062572724456,64.47159622412549,13.48,58.112091064453125
1209.92,102.30261203937717,-26.855055428327795,159.6767231248029,5.6147022753704,65.92475853713565,13.48,58.11212615966797
1210.021,114.21379755424154,-32.725381614935046,161.3030376561781,5.729607067582007,60.79623909379877,13.41,58.112151336669925
1210.119,114.21379755424154,-32.725381614935046,162.88099514248708,5.841801153489893,62.09608448031508,13.41,58.112118530273435
1210.22,114.21379755424154,-32.725381614935046,164.5071648509299,5.958709898468322,63.44983632963106,13.41,58.112080383300786
1210.32,114.21379755424154,-32.725381614935046,166.11712845054794,6.075910376212057,64.8035185643012,13.41,58.11205978393555
1210.421,114.21379755424154,-32.725381614935046,167.74307340315752,6.195882962940021,66.183443618856,13.41,58.11202392578125
1210.52,114.21379755424154,-32.725381614935046,169.336723141028,6.314783509722121,67.54754931310902,13.41,58.11196746826172
1210.619,114.21379755424154,-32.725381614935046,170.93030080805775,6.434642766715298,68.92219708418759,13.41,58.111958312988286
1210.719,114.21379755424154,-32.725381614935046,172.53988699383467,6.556883693926803,70.32090071316797,13.41,58.111968231201175
1210.82,114.21379755424154,-32.725381614935046,174.16549254351034,6.681345999003863,71.74326388815533,13.41,58.11195678710937
1210.92,114.21379755424154,-32.725381614935046,175.77491865803768,6.805672266916511,73.16061681373459,13.41,58.11195602416993
1211.02,127.12685848608879,-38.19085771969646,177.38424400060708,6.931310937029031,67.54120892492888,13.2,58.11199722290039
1211.12,127.12685848608879,-38.19085771969646,178.99345754269163,7.058386480623738,68.8305034007351,13.2,58.11203384399415
1211.22,127.12685848608879,-38.19085771969646,180.60258014178706,7.186619676514704,70.13393088542358,13.2,58.11206588745117
1211.32,127.12685848608879,-38.19085771969646,182.21164008516772,7.315652599560349,71.45051186139152,13.2,58.11211166381836
1211.42,127.12685848608879,-38.19085771969646,183.82060261498629,7.44589694704501,72.77976367002883,13.2,58.112118530273435
1211.52,127.12685848608879,-38.19085771969646,185.4294699879205,7.577303184624389,74.12097584690397,13.2,58.11209411621094
1211.62,127.12685848608879,-38.19085771969646,187.03822609789682,7.7100664345064285,75.47361663076103,13.2,58.112099456787114
1211.72,127.12685848608879,-38.19085771969646,188.6469255047378,7.843515515380979,76.83672406555006,13.2,58.11210098266602
1211.82,127.12685848608879,-38.19085771969646,190.2555461275617,7.977915523292706,78.20988956709508,13.2,58.11211471557617
1211.92,127.12685848608879,-38.19085771969646,191.86408438431155,8.11330002263893,79.59260921231696,13.2,58.11212158203125
1212.02,139.37200247328084,-43.318958756260514,193.47250603780554,8.25006885215159,74.74108036690612,13.1,58.11213989257813
1212.12,139.37200247328084,-43.318958756260514,195.08084203458426,8.387840811493096,76.00702550953359,13.1,58.11213836669922
1212.22,139.37200247328084,-43.318958756260514,196.68907142140446,8.526855158135124,77.28670528137486,13.1,58.11214904785157
1212.32,139.37200247328084,-43.318958756260514,198.29719334980496,8.667106631390922,78.57944460432365,13.1,58.112147521972666
1212.42,139.37200247328084,-43.318958756260514,199.90524253122388,8.80818658405949,79.88436914217577,13.1,58.11213760375978
1212.52,139.37200247328084,-43.318958756260514,201.51318521467346,8.9504643783397,81.20110336271935,13.1,58.112103271484386
1212.62,139.37200247328084,-43.318958756260514,203.12100537282467,9.094109203300468,82.52917704436175,13.1,58.11206817626953
1212.72,139.37200247328084,-43.318958756260514,204.72871327600222,9.238999579495777,83.86798335105985,13.1,58.11205062866212
1212.82,139.37200247328084,-43.318958756260514,206.3362926361917,9.385312303449824,85.21711298182977,13.1,58.11206054687501
1212.92,139.37200247328084,-43.318958756260514,207.94379577543202,9.532463573027936,86.57576842801775,13.1,58.1120719909668
1213.02,151.171868497633,-48.44705979282457,209.55125571086586,9.680103194513695,82.38276475300621,13.38,58.11212844848633
1213.12,151.171868497633,-48.44705979282457,211.15857625498182,9.829266445719565,83.63333849265376,13.38,58.11217422485352
1213.221,151.171868497633,-48.44705979282457,212.78192571924663,9.9803989238526,84.90916960458111,13.38,58.112178039550784
1213.32,151.171868497633,-48.44705979282457,214.37300155916537,10.129905900759269,86.17217723911133,13.38,58.112170410156246
1213.42,151.171868497633,-48.44705979282457,215.98003983564774,10.282086163331444,87.45977164912422,13.38,58.112194824218754
1213.519,151.171868497633,-48.44705979282457,217.57095731458222,10.433281163069148,88.74532971826407,13.38,58.112212371826175
1213.62,151.171868497633,-48.44705979282457,219.1938534070562,10.589225751572513,90.06815997841515,13.38,58.1122428894043
1213.72,151.171868497633,-48.44705979282457,220.80058938646633,10.74459075270783,91.38823921555488,13.38,58.11228332519532
1213.82,151.171868497633,-48.44705979282457,222.4072265993174,10.900967455575433,92.71819984313782,13.38,58.11226119995117
1213.92,151.171868497633,-48.44705979282457,224.0137632171423,11.058371870690314,94.05763139580603,13.38,58.11225280761719
1214.02,164.30756841129565,-53.71011085667057,225.62016900292065,11.217092149296064,89.30160514507081,14.12,58.112203979492186
1214.12,164.30756841129565,-53.71011085667057,227.22646284913688,11.376923334496405,90.52684296429622,14.12,58.11213989257813
1214.22,164.30756841129565,-53.71011085667057,228.8326338061648,11.537970959999067,91.76489658342648,14.12,58.11209030151368
1214.32,164.30756841129565,-53.71011085667057,230.4386846939834,11.700207808617819,93.01523707806663,14.12,58.11207656860352
1214.42,164.30756841129565,-53.71011085667057,232.044626431338,11.86351214615727,94.27729876766504,14.12,58.11204223632813
1214.52,164.30756841129565,-53.71011085667057,233.65047356624873,12.027740604680623,95.55052909368683,14.12,58.112029266357425
1214.62,164.30756841129565,-53.71011085667057,235.25617377222596,12.193395741215587,96.83479118869754,14.12,58.11201553344727
1214.72,164.30756841129565,-53.71011085667057,236.86180082217442,12.359750434130305,98.12921691177138,14.12,58.111985778808595
1214.82,164.30756841129565,-53.71011085667057,238.46733161026106,12.527031826683812,99.43354337738182,14.12,58.11198654174805
1214.919,164.30756841129565,-53.71011085667057,240.05665916063612,12.6940655461382,100.7344995177281,14.12,58.112030029296875
1215.02,177.88854628779816,-58.70326186595267,241.67794063800014,12.865941426641939,95.87094289461388,14.36,58.112073516845705
1215.12,177.88854628779816,-58.70326186595267,243.28310447252127,13.036744107194663,97.07253317598317,14.36,58.11212387084961
1215.22,177.88854628779816,-58.70326186595267,244.88811601044154,13.208977185923587,98.28688858883237,14.36,58.11214370727539
1215.32,177.88854628779816,-58.70326186595267,246.4930563519606,13.381873038036773,99.51304173458935,14.36,58.11214599609376
1215.42,177.88854628779816,-58.70326186595267,248.0978135027299,13.556452199704273,100.75121577285401,14.36,58.11211166381837
1215.52,177.88854628779816,-58.70326186595267,249.7024519826745,13.732115268523456,102.0005927030151,14.36,58.112097930908206
1215.62,177.88854628779816,-58.70326186595267,251.30689750451154,13.909527859080418,103.26118112355944,14.36,58.112081146240236
1215.72,177.88854628779816,-58.70326186595267,252.91120579177405,14.088183497435361,104.53226275720148,14.36,58.112106323242195
1215.82,177.88854628779816,-58.70326186595267,254.51539272304205,14.267937735494424,105.81337139456754,14.36,58.11215515136719
1215.92,177.88854628779816,-58.70326186595267,256.11943224909294,14.449014342104164,107.10428111288991,14.36,58.112202453613286
1216.02,191.6921631461161,-63.359037807052395,257.7233893267302,14.630822830351303,102.18875277229424,14.29,58.11221466064453
1216.12,191.6921631461161,-63.359037807052395,259.3271828952451,14.814070884067174,103.37084124112883,14.29,58.11222610473633
1216.22,191.6921631461161,-63.359037807052395,260.9308491687143,14.99842757727451,104.56523334068511,14.29,58.11221771240234
1216.32,191.6921631461161,-63.359037807052395,262.5343867827068,15.183889691946705,105.77150897046786,14.29,58.11217498779297
1216.42,191.6921631461161,-63.359037807052395,264.13779699888767,15.370440846148805,106.98925494335731,14.29,58.11213684082031
1216.52,191.6921631461161,-63.359037807052395,265.74108252178024,15.558057174281927,108.2180684589988,14.29,58.112122344970714
1216.62,191.6921631461161,-63.359037807052395,267.34424185648743,15.74674890822919,109.45758313174944,14.29,58.112123107910165
1216.72,191.6921631461161,-63.359037807052395,268.9472521814908,15.936703459061803,110.70755784862295,14.29,58.11212768554688
1216.82,191.6921631461161,-63.359037807052395,270.5501618295662,16.127509281668758,111.96738419935738,14.29,58.11214294433594
1216.92,191.6921631461161,-63.359037807052395,272.1529326164282,16.31947840279834,113.23692581997338,14.29,58.11214447021485
1217.02,205.94105796806485,-67.81238870722171,273.7555985312338,16.512323401830564,108.21029980583288,14.19,58.11215438842774
1217.12,205.94105796806485,-67.81238870722171,275.3581481578052,16.706129562181303,109.3714420718039,14.19,58.11214218139649
1217.22,205.94105796806485,-67.81238870722171,276.9605594244595,16.901071828019795,110.54474199603871,14.19,58.11212234497071
1217.32,205.94105796806485,-67.81238870722171,278.5628916385521,17.096656682974327,111.72948006116509,14.19,58.11209564208985
1217.419,205.94105796806485,-67.81238870722171,280.14906917357706,17.291353476469304,112.91357695487986,14.19,58.1120719909668
1217.519,205.94105796806485,-67.81238870722171,281.7511334818745,17.48910591713489,114.12060521465288,14.19,58.11203002929688
1217.62,205.94105796806485,-67.81238870722171,283.3690456538844,17.690217151258835,115.35072121866469,14.19,58.11197052001953
1217.72,205.94105796806485,-67.81238870722171,284.9708305376396,17.890190883837196,116.57888788696044,14.19,58.11189880371094
1217.819,205.94105796806485,-67.81238870722171,286.55645992608623,18.089262807496947,117.8046551109485,14.19,58.11189193725586
1217.92,205.94105796806485,-67.81238870722171,288.1739458114753,18.29375719843925,119.06517629346497,14.19,58.11189422607423
1218.02,219.52203584456737,-71.7259394982932,289.77531365148286,18.497038015736866,114.34906520874064,14.0,58.11187362670899
1218.12,219.52203584456737,-71.7259394982932,291.37643467285073,18.702254816078817,115.5002725448379,14.0,58.111878204345714
1218.22,219.52203584456737,-71.7259394982932,292.9774323946031,18.908440788147608,116.6631311607492,14.0,58.11192169189454
1218.32,219.52203584456737,-71.7259394982932,294.57836821572147,19.11510021813006,117.8369531419153,14.0,58.111891174316405
1218.42,219.52203584456737,-71.7259394982932,296.1792068153836,19.32250810803249,119.02160170645826,14.0,58.11187591552735
1218.52,219.52203584456737,-71.7259394982932,297.7799519941696,19.530641039037032,120.21674147740163,14.0,58.111900329589844
1218.62,219.52203584456737,-71.7259394982932,299.380504213838,19.740254956426284,121.42256667652168,14.0,58.11191101074219
1218.72,219.52203584456737,-71.7259394982932,300.9809740608915,19.95050307384109,122.63820260429762,14.0,58.111940002441415
1218.82,219.52203584456737,-71.7259394982932,302.58129459169055,20.16189265129534,123.86369185831866,14.0,58.111977386474614
1218.92,219.52203584456737,-71.7259394982932,304.1815091335842,20.374085651630377,125.09852537176572,14.0,58.11198959350587
1219.02,232.88037474004545,-75.30211522115236,305.7815437691824,20.58763195778254,120.45507071043066,13.78,58.111994171142584
1219.12,232.88037474004545,-75.30211522115236,307.381386718221,20.80261280992947,121.59983361707556,13.78,58.112009429931646
1219.22,232.88037474004545,-75.30211522115236,308.98112879471347,21.018343480787394,122.75567413460428,13.78,58.112011718750004
1219.32,232.88037474004545,-75.30211522115236,310.5807098500235,21.23526343227574,123.92258693829079,13.78,58.11200485229492
1219.42,232.88037474004545,-75.30211522115236,312.1801957155729,21.452888567613407,125.09992951602644,13.78,58.11202621459961
1219.52,232.88037474004545,-75.30211522115236,313.7795216760471,21.671680431026065,126.2877231490189,13.78,58.1120002746582
1219.62,232.88037474004545,-75.30211522115236,315.37873819353473,21.891270037881306,127.48542705193782,13.78,58.111996459960935
1219.72,232.88037474004545,-75.30211522115236,316.977735487929,22.11244722789615,128.6932906638852,13.78,58.11198120117188
1219.82,232.88037474004545,-75.30211522115236,318.57658531893526,22.334690359301415,129.9106859020333,13.78,58.111993408203126
1219.92,232.88037474004545,-75.30211522115236,320.17530093540904,22.557901212466547,131.13728285976546,13.78,58.11201477050782
1220.02,245.79343567189272,-78.67586590311106,321.77386885382134,22.782167845736122,126.75471919694247,13.52,58.11201705932618
1220.12,245.79343567189272,-78.67586590311106,323.3722876037485,23.00748790323883,127.89832957616034,13.52,58.11198043823243
1220.22,245.79343567189272,-78.67586590311106,324.97051536536236,23.23415145634958,129.05294102418438,13.52,58.11194381713868
1220.32,245.79343567189272,-78.67586590311106,326.56854923467057,23.46216853115255,130.21826695657745,13.52,58.11189575195313
1220.42,245.79343567189272,-78.67586590311106,328.16642515495266,23.691274318128134,131.3938384911985,13.52,58.111816406250014
1220.52,245.79343567189272,-78.67586590311106,329.7641634845448,23.921328307357452,132.5792871803401,13.52,58.11176834106446
1220.62,245.79343567189272,-78.67586590311106,331.36175226135015,24.152417234524513,133.77440942492464,13.52,58.111761474609374
1220.72,245.79343567189272,-78.67586590311106,332.95904374513685,24.38555952763742,134.97963047288331,13.52,58.11179962158203
1220.82,245.79343567189272,-78.67586590311106,334.55617922218005,24.61977852506242,136.1940336446708,13.52,58.111853790283206
1220.92,245.79343567189272,-78.67586590311106,336.15312629073975,24.855288865347863,137.41751597385374,13.52,58.11190719604493
1221.024,259.59705253021065,-81.64476650322395,337.8138732769184,25.100756747380444,132.33471873158584,13.35,58.11195297241211
1221.12,259.59705253021065,-81.64476650322395,339.34672001201864,25.328363811598134,133.42885772129975,13.35,58.111983489990244
1221.22,259.59705253021065,-81.64476650322395,340.94326982817176,25.56657037232703,134.57889070478322,13.35,58.11200332641602
1221.32,259.59705253021065,-81.64476650322395,342.5396426374941,25.805960865780637,135.73920607485883,13.35,58.11200637817383
1221.42,259.59705253021065,-81.64476650322395,344.1359092740974,26.046047901968862,136.90920278351302,13.35,58.11195068359375
1221.52,259.59705253021065,-81.64476650322395,345.7320626975171,26.286876228299977,138.08866528157662,13.35,58.11189575195313
1221.62,259.59705253021065,-81.64476650322395,347.32801336107093,26.529047552304807,139.2777639669235,13.35,58.11191177368165
1221.72,259.59705253021065,-81.64476650322395,348.92373882759625,26.77270114771008,140.4763473924093,13.35,58.11192703247071
1221.819,259.59705253021065,-81.64476650322395,350.5033536156803,27.01492460816846,141.67174753445116,13.35,58.11194763183594
1221.919,259.59705253021065,-81.64476650322395,352.0988218105883,27.260263609164006,142.88765833262278,13.35,58.11196212768555
1222.019,272.62143295336114,-84.14134200787248,353.6941310412943,27.506632764272243,137.97844993323642,13.06,58.11195449829102
1222.119,272.62143295336114,-84.14134200787248,355.28926552766825,27.754126228223914,139.12068988582874,13.06,58.11192932128907
1222.22,272.62143295336114,-84.14134200787248,356.90006709117574,28.005914268716857,140.28505003207795,13.06,58.11189804077149
1222.319,272.62143295336114,-84.14134200787248,358.4788026838939,28.253782820579378,141.43603509095084,13.06,58.11183166503906
1222.42,272.62143295336114,-84.14134200787248,360.08934841073943,28.507187414140443,142.61951975589173,13.06,58.11181640625
1222.52,272.62143295336114,-84.14134200787248,361.68377214971383,28.759209626544838,143.8006774061997,13.06,58.11187591552734
1222.62,272.62143295336114,-84.14134200787248,363.2779300880586,29.01291055159727,144.9913285166588,13.06,58.11189193725586
1222.72,272.62143295336114,-84.14134200787248,364.8719315441202,29.267594013214612,146.19077009058628,13.06,58.11189880371094
1222.82,272.62143295336114,-84.14134200787248,366.46567674976893,29.52388321166866,147.39920460412478,13.06,58.11193923950196
1222.92,272.62143295336114,-84.14134200787248,368.05929937561365,29.780942701152714,148.61585817319735,13.06,58.111991882324226
1223.02,286.31373032037584,-86.63791751252103,369.65274913584034,30.039080323475268,143.3837992283139,13.05,58.11204223632813
1223.12,286.31373032037584,-86.63791751252103,371.24603991638924,30.298201624170055,144.5252682822747,13.05,58.11206665039063
1223.22,286.31373032037584,-86.63791751252103,372.8390770796685,30.558871810059035,145.67677597797478,13.05,58.1120330810547
1223.32,286.31373032037584,-86.63791751252103,374.43189648311187,30.82085861696125,146.8379218652981,13.05,58.11197052001954
1223.42,286.31373032037584,-86.63791751252103,376.02449377003063,31.084190596090775,148.00849913520372,13.05,58.11196060180664
1223.52,286.31373032037584,-86.63791751252103,377.616910583296,31.34860747245204,149.18810543791005,13.05,58.111935424804685
1223.62,286.31373032037584,-86.63791751252103,379.2091549425225,31.614064967379463,150.3764984169921,13.05,58.11195983886719
1223.72,286.31373032037584,-86.63791751252103,380.80116188436864,31.88094953584965,151.57373311358927,13.05,58.11200103759766
1223.82,286.31373032037584,-86.63791751252103,382.3930711820418,32.14842179805448,152.77903700187198,13.05,58.1120361328125
1223.92,286.31373032037584,-86.63791751252103,383.9847798865517,32.41708532644321,153.99262198022396,13.05,58.112036895751956
1224.029,298.5588743075678,-88.5272178944083,385.7195096189114,32.71130822531148,149.3176364786123,12.74,58.1120590209961
1224.12,298.5588743075678,-88.5272178944083,387.16756934995817,32.958120558147144,150.36684573418196,12.74,58.112027740478524
1224.22,298.5588743075678,-88.5272178944083,388.7586944547699,33.2302175469219,151.5284812826859,12.74,58.11202774047852
1224.319,298.5588743075678,-88.5272178944083,390.3337503977094,33.50051956544541,152.68725091156705,12.74,58.112053680419926
1224.422,298.5588743075678,-88.5272178944083,391.9722949257285,33.782620523098124,153.90179896707488,12.74,58.11208190917969
1224.52,298.5588743075678,-88.5272178944083,393.53108112608084,34.05228265665664,155.06596668297962,12.74,58.11205749511719
1224.62,298.5588743075678,-88.5272178944083,395.1214897161339,34.328540702959025,156.26220309171774,12.74,58.11205139160157
1224.72,298.5588743075678,-88.5272178944083,396.7116838236002,34.60602526394585,157.46672533136933,12.74,58.112017822265635
1224.82,298.5588743075678,-88.5272178944083,398.30170529468523,34.88449304986569,158.67918178361555,12.74,58.111991119384776
1224.923,298.5588743075678,-88.5272178944083,399.9392328535526,35.17241851472725,159.93616584958127,12.74,58.11196060180665
1225.02,310.8040182947598,-90.21409323538019,401.48115659741956,35.44478771597785,154.95966498643205,12.39,58.11197738647462
1225.119,310.8040182947598,-90.21409323538019,403.05469277494365,35.72378902589166,156.11065668461845,12.39,58.11197891235353
1225.22,310.8040182947598,-90.21409323538019,404.6598724343108,36.00924181959091,157.29352074597404,12.39,58.111965179443374
1225.32,310.8040182947598,-90.21409323538019,406.2489440707045,36.29307652818906,158.47333484837165,12.39,58.11197128295899
1225.42,310.8040182947598,-90.21409323538019,407.8377532115212,36.578379331992195,159.6617575114473,12.39,58.11198654174805
1225.52,310.8040182947598,-90.21409323538019,409.4263911411008,36.86463072004096,160.8582435188847,12.39,58.11196594238282
1225.62,310.8040182947598,-90.21409323538019,411.01481623505055,37.1520573458099,162.06276666063727,12.39,58.11194381713867
1225.719,310.8040182947598,-90.21409323538019,412.5871882817068,37.43754589476469,163.2628392047758,12.39,58.111975860595706
1225.819,310.8040182947598,-90.21409323538019,414.17519479494354,37.7272785760415,164.48280989824008,12.39,58.111959075927736
1225.919,310.8040182947598,-90.21409323538019,415.76301068960043,38.018050556777474,165.71020724769133,12.39,58.11193618774414
1226.02,322.26992584678436,-92.03591860363399,417.36653477814644,38.3126584128276,161.35091124769278,12.02,58.11194610595703
1226.12,322.26992584678436,-92.03591860363399,418.9539672752398,38.605519545474024,162.5268877097156,12.02,58.11195755004883
1226.22,322.26992584678436,-92.03591860363399,420.54119618966945,38.89948250697049,163.71109259546006,12.02,58.11196060180664
1226.32,322.26992584678436,-92.03591860363399,422.12821639377455,39.19457850405934,164.90337037822914,12.02,58.11201553344727
1226.42,322.26992584678436,-92.03591860363399,423.71507991678743,39.490520974052,166.10335214037477,12.02,58.1120491027832
1226.52,322.26992584678436,-92.03591860363399,425.3018117804463,39.78716923305605,167.31077671760065,12.02,58.11205368041992
1226.62,322.26992584678436,-92.03591860363399,426.88830847655424,40.085076412913075,168.52585353064197,12.02,58.11207885742187
1226.72,322.26992584678436,-92.03591860363399,428.4746354028759,40.38388731162401,169.74818211258804,12.02,58.11208572387696
1226.82,322.26992584678436,-92.03591860363399,430.06077609583195,40.68367709580274,170.97765491442016,12.02,58.11203155517579
1226.92,322.26992584678436,-92.03591860363399,431.6466985785692,40.98461205437363,172.2142270248264,12.02,58.11198425292969
1227.02,333.7358333988089,-93.65531893097237,433.2323663162595,41.28688484227063,167.65726474499328,11.62,58.11197357177735
1227.12,333.7358333988089,-93.65531893097237,434.8178415875486,41.59015729759004,168.84582085369803,11.62,58.111917877197264
1227.22,333.7358333988089,-93.65531893097237,436.4031462734705,41.89431288863059,170.04199428180547,11.62,58.11186828613282
1227.32,333.7358333988089,-93.65531893097237,437.9881302707349,42.20013231290594,171.2461533458489,11.62,58.11184844970703
1227.42,333.7358333988089,-93.65531893097237,439.57296519497766,42.50672322330818,172.45753155621725,11.62,58.11184768676758
1227.521,333.7358333988089,-93.65531893097237,441.1734648641869,42.817317292183404,173.68829866340505,11.62,58.11177749633789
1227.62,333.7358333988089,-93.65531893097237,442.7421599373903,43.122331088224925,174.90141443170165,11.62,58.111749267578126
1227.72,333.7358333988089,-93.65531893097237,444.3264251931486,43.43183463287704,176.13394523958382,11.62,58.111726379394526
1227.82,333.7358333988089,-93.65531893097237,445.91042748134504,43.74267471876179,177.37347100554283,11.62,58.1116813659668
1227.92,333.7358333988089,-93.65531893097237,447.4942794477154,44.05427117496795,178.61947053613184,11.62,58.11162109375
1228.02,343.86590706073196,-95.27471925831077,449.0779034670302,44.367019577276096,174.84101181594997,9.96,58.11158981323243
1228.12,343.86590706073196,-95.27471925831077,450.6613377140741,44.680729447936706,176.0476970340705,9.96,58.11160430908203
1228.22,343.86590706073196,-95.27471925831077,452.2445195576573,44.99571193769109,177.261720387316,9.96,58.11161346435547
1228.32,343.86590706073196,-95.27471925831077,453.82751726710353,45.31161982238266,178.48270071715552,9.96,58.1116226196289
1228.42,343.86590706073196,-95.27471925831077,455.41031037406077,45.62854108847357,179.7105525195453,9.96,58.111550903320314
1228.52,343.86590706073196,-95.27471925831077,456.99292451900993,45.946350958425946,180.9450545114898,9.96,58.1115234375
1228.62,343.86590706073196,-95.27471925831077,458.57523978987587,46.26563900275814,182.1864540294837,9.96,58.11147689819336
1228.72,343.86590706073196,-95.27471925831077,460.1573595617,46.58589201845903,183.43427966605284,9.96,58.111460113525396
1228.82,343.86590706073196,-95.27471925831077,461.73928074388107,46.90711837403336,184.68840563488976,9.96,58.1114158630371
1228.92,343.86590706073196,-95.27471925831077,463.32099112593426,47.229386939845156,185.94874937024946,9.96,58.11145782470703
1229.022,352.8827858151599,-96.82664457201565,464.93407160636696,47.55939588907387,182.76438199904857,7.99,58.11146774291993
1229.121,352.8827858151599,-96.82664457201565,466.4995349449277,47.880545654134046,183.98080493889483,7.99,58.11146469116212
1229.219,352.8827858151599,-96.82664457201565,468.04896074617926,48.19953964488637,185.1913657726973,7.99,58.11142349243164
1229.32,352.8827858151599,-96.82664457201565,469.64562005153454,48.52926001412911,186.4454302388973,7.99,58.11143417358399
1229.42,352.8827858151599,-96.82664457201565,471.2262837962187,48.85662480831818,187.69336294002454,7.99,58.11146697998047
1229.52,352.8827858151599,-96.82664457201565,472.80673230872105,49.18503587505067,188.94751591266484,7.99,58.111531066894536
1229.62,352.8827858151599,-96.82664457201565,474.38695707702215,49.51452901912409,190.2077882791976,7.99,58.1115837097168
1229.72,352.8827858151599,-96.82664457201565,475.96697601459147,49.845017918121385,191.47400464467893,7.99,58.11165847778321
1229.82,352.8827858151599,-96.82664457201565,477.54674013463455,50.17673365922621,192.74619248629952,7.99,58.11173934936523
1229.92,352.8827858151599,-96.82664457201565,479.12632024701503,50.509333873628826,194.02402049844864,7.99,58.11180877685547
1230.021,359.78459424431884,-98.17614484479014,480.72146979071493,50.84633865267906,191.92037008790385,5.98,58.111847686767575
1230.119,359.78459424431884,-98.17614484479014,482.26904048833126,51.174277385996945,193.15275869688415,5.98,58.11190414428711
1230.22,359.78459424431884,-98.17614484479014,483.8637505640378,51.51336788703981,194.42887454003824,5.98,58.1119384765625
1230.32,359.78459424431884,-98.17614484479014,485.44242727657456,51.85024968339802,195.6982627860805,5.98,58.11195678710938
1230.42,359.78459424431884,-98.17614484479014,487.02087033461316,52.188226082365695,196.97338398282372,5.98,58.111968231201175
1230.52,359.78459424431884,-98.17614484479014,488.5990562349311,52.52740397829248,198.2541935137871,5.98,58.11198883056641
1230.619,359.78459424431884,-98.17614484479014,490.1612253122539,52.864280226738714,199.52763200722995,5.98,58.11197891235352
1230.72,359.78459424431884,-98.17614484479014,491.75470805625656,53.2090987368184,200.83227557790292,5.98,58.1119873046875
1230.82,359.78459424431884,-98.17614484479014,493.33216302987915,53.55166255007358,202.12936616282857,5.98,58.112008666992196
1230.92,359.78459424431884,-98.17614484479014,494.90939384972677,53.89525832823273,203.43161782627038,5.98,58.11201934814453
1231.02,365.3505687841673,-99.45817010393115,496.4863714744169,54.24001540455933,202.0389343067777,5.75,58.112027740478524
1231.12,365.3505687841673,-99.45817010393115,498.0630989839017,54.58591733724561,203.32780564300674,5.75,58.1120491027832
1231.22,365.3505687841673,-99.45817010393115,499.6395792703334,54.93294328513606,204.6219788558146,5.75,58.11204147338867
1231.32,365.3505687841673,-99.45817010393115,501.21581016964353,55.281096195303405,205.92135477302773,5.75,58.1120101928711
1231.42,365.3505687841673,-99.45817010393115,502.7918101072522,55.63029233805128,207.22578507282498,5.75,58.11200408935547
1231.52,365.3505687841673,-99.45817010393115,504.3675532865425,55.98064557068916,208.53524258134934,5.75,58.11200637817383
1231.62,365.3505687841673,-99.45817010393115,505.943047794703,56.332117204579475,209.84960989717425,5.75,58.11202087402344
1231.72,365.3505687841673,-99.45817010393115,507.5182752417769,56.684786928401344,211.16884190196689,5.75,58.112045288085945
1231.82,365.3505687841673,-99.45817010393115,509.09325671363524,57.038560394348686,212.49279279504904,5.75,58.112099456787114
1231.92,365.3505687841673,-99.45817010393115,510.6679432493385,57.3936462777454,213.8214947653345,5.75,58.112114715576176
1232.02,370.24862637856955,-100.67272034943869,512.2423886122939,57.749803643697845,212.74380043057275,5.57,58.11214370727539
1232.12,370.24862637856955,-100.67272034943869,513.8165813076175,58.107081011657115,214.0625679626828,5.57,58.1121826171875
1232.22,370.24862637856955,-100.67272034943869,515.3905165698247,58.46549725377233,215.38602691497263,5.57,58.11223449707032
1232.32,370.24862637856955,-100.67272034943869,516.964254377257,58.82478634616879,216.71393619507862,5.57,58.112289428710945
1232.42,370.24862637856955,-100.67272034943869,518.5377684720141,59.18506266611344,218.0462805311229,5.57,58.112359619140626
1232.52,370.24862637856955,-100.67272034943869,520.1110584522457,59.546322381097035,219.3829760955176,5.57,58.11240768432618
1232.62,370.24862637856955,-100.67272034943869,521.6840760647902,59.90876933177658,220.72405906449376,5.57,58.112432861328124
1232.72,370.24862637856955,-100.67272034943869,523.2568573669503,60.27224335624816,222.06935874275527,5.57,58.112457275390625
1232.82,370.24862637856955,-100.67272034943869,524.8294144066798,60.63668764161667,223.4187662973196,5.57,58.112467193603514
1232.919,370.24862637856955,-100.67272034943869,526.3860338790685,60.9984023182285,224.75863036956056,5.57,58.11247787475586
1233.02,376.1485593907456,-101.9547456085797,527.9738296000079,61.36858811579892,222.99198194769303,7.61,58.11248703002929
1233.119,376.1485593907456,-101.9547456085797,529.5299314036872,61.732524839157314,224.3197891118904,7.61,58.11249008178711
1233.22,376.1485593907456,-101.9547456085797,531.1171836954785,62.10503419146098,225.6787226721635,7.61,58.11249008178711
1233.32,376.1485593907456,-101.9547456085797,532.6885065231679,62.474765842267345,227.02823455285423,7.61,58.11248550415039
1233.42,376.1485593907456,-101.9547456085797,534.2596049425166,62.84544898857348,228.38171306988164,7.61,58.11247787475586
1233.52,376.1485593907456,-101.9547456085797,535.8304380196514,63.217253582008745,229.73918185427655,7.61,58.112466430664064
1233.62,376.1485593907456,-101.9547456085797,537.4009991785246,63.59020274641928,231.10058256821975,7.61,58.11244659423828
1233.72,376.1485593907456,-101.9547456085797,538.9712819984197,63.964319641526565,232.4658581616763,7.61,58.11242599487305
1233.82,376.1485593907456,-101.9547456085797,540.5412363425962,64.33981202804203,233.8350532639519,7.61,58.11242141723633
1233.92,376.1485593907456,-101.9547456085797,542.1109987807903,64.71610551602186,235.2077887802471,7.61,58.11241836547852
1234.022,384.2748822187029,-103.70909596318505,543.7118982612701,65.10100061034431,232.20036776396833,9.94,58.112419891357426
1234.12,384.2748822187029,-103.70909596318505,545.2497674596304,65.47184066849351,233.52752085761077,9.94,58.112428283691415
1234.22,384.2748822187029,-103.70909596318505,546.8187807244713,65.85124799353959,234.88556614695653,9.94,58.112436676025396
1234.32,384.2748822187029,-103.70909596318505,548.3875015747174,66.23186281563252,236.24750009800286,9.94,58.11243896484376
1234.42,384.2748822187029,-103.70909596318505,549.9559865413571,66.61345014481682,237.61312683075118,9.94,58.112452697753916
1234.52,384.2748822187029,-103.70909596318505,551.5241546932641,66.99633665586163,238.9825597589203,9.94,58.112446594238286
1234.62,384.2748822187029,-103.70909596318505,553.092098865451,67.3801400603046,240.3555269168081,9.94,58.11245269775391
1234.721,384.2748822187029,-103.70909596318505,554.675343875096,67.76932279337059,241.7460763527726,9.94,58.11243438720703
1234.82,384.2748822187029,-103.70909596318505,556.2270604562234,68.15151441272074,243.11236290943108,9.94,58.11239929199219
1234.92,384.2748822187029,-103.70909596318505,557.7941277918547,68.53887231708103,244.49599416136726,9.94,58.11236572265625
1235.021,394.2936363901137,-106.2731464814671,559.3765922664393,68.93120784620363,240.72587749604494,11.89,58.11235809326172
1235.121,394.2936363901137,-106.2731464814671,560.9431643963396,69.32056250821684,242.0851416784014,11.89,58.11235580444336
1235.22,394.2936363901137,-106.2731464814671,562.4937955236314,69.70713040311934,243.43449095170632,11.89,58.11236343383789
1235.32,394.2936363901137,-106.2731464814671,564.0598493561146,70.09856506597544,244.80103696469882,11.89,58.112360382080084
1235.42,394.2936363901137,-106.2731464814671,565.625571917435,70.49131913315011,246.17129896793284,11.89,58.1123291015625
1235.519,394.2936363901137,-106.2731464814671,567.1753954822337,70.88110632556504,247.53127461879174,11.89,58.11231231689453
1235.621,394.2936363901137,-106.2731464814671,568.7718310548081,71.28410015889494,248.9361690232204,11.89,58.112282562255864
1235.72,394.2936363901137,-106.2731464814671,570.3210807332797,71.67615706124995,250.3030479105767,11.89,58.112267303466794
1235.82,394.2936363901137,-106.2731464814671,571.8857395744323,72.07311872166746,251.68699891996098,11.89,58.11225051879883
1235.92,394.2936363901137,-106.2731464814671,573.4502257601926,72.47076004039008,253.0740358737211,11.89,58.11224822998047
1236.02,405.8708634326505,-109.64689716342579,575.0144455812929,72.8694461658776,248.84084665579863,13.51,58.11223297119141
1236.12,405.8708634326505,-109.64689716342579,576.5783378966701,73.26941469914506,250.19875895633294,13.51,58.1122299194336
1236.219,405.8708634326505,-109.64689716342579,578.126321734253,73.66643737682854,251.5466587632647,13.51,58.11224212646485
1236.32,405.8708634326505,-109.64689716342579,579.7054706795196,74.07190226103809,252.9250243424712,13.51,58.11227264404298
1236.42,405.8708634326505,-109.64689716342579,581.2687913407945,74.47410676658247,254.29309310845346,13.51,58.112296295166026
1236.52,405.8708634326505,-109.64689716342579,582.8318444802024,74.87735170418748,255.66459910098803,13.51,58.112314605712896
1236.62,405.8708634326505,-109.64689716342579,584.3945857321436,75.28180584833699,257.0395779277566,13.51,58.112334442138675
1236.72,405.8708634326505,-109.64689716342579,585.9569851844112,75.68757953487264,258.4180324602409,13.51,58.112345123291014
1236.82,405.8708634326505,-109.64689716342579,587.5191074961268,76.09442068520154,259.79977237766985,13.51,58.112361907958984
1236.92,405.8708634326505,-109.64689716342579,589.0809290215808,76.50241676094632,261.18479130227814,13.51,58.1123779296875
1237.02,418.78392436449775,-113.62792296813076,590.6424344764174,76.91162127191708,256.5943596751377,14.8,58.11238174438476
1237.12,418.78392436449775,-113.62792296813076,592.203603807542,77.32210219017648,257.9463070603772,14.8,58.11234436035156
1237.22,418.78392436449775,-113.62792296813076,593.7644735466981,77.73371603073028,259.30188867888114,14.8,58.112300109863284
1237.32,418.78392436449775,-113.62792296813076,595.3250104361643,78.14658858953283,260.66111784181396,14.8,58.11228713989259
1237.42,418.78392436449775,-113.62792296813076,596.8852508203232,78.5605744437008,262.02385582756034,14.8,58.11223373413087
1237.52,418.78392436449775,-113.62792296813076,598.4454013315813,78.97489647044229,263.38962083134834,14.8,58.11221160888672
1237.62,418.78392436449775,-113.62792296813076,600.005165223037,79.39067242781795,264.75897776455787,14.8,58.112219238281256
1237.72,418.78392436449775,-113.62792296813076,601.5647482597957,79.80712905408873,266.1314504801766,14.8,58.112245178222665
1237.82,418.78392436449775,-113.62792296813076,603.1239808098596,80.22489633212682,267.5073306676614,14.8,58.11224822998047
1237.92,418.78392436449775,-113.62792296813076,604.6829991328274,80.64346406769693,268.8862916188651,14.8,58.112264251708986
1238.022,433.4780971492863,-118.41864893649748,606.2729207391064,81.07143427747641,263.92109495103887,15.91,58.11226806640625
1238.12,433.4780971492863,-118.41864893649748,607.8001526823931,81.48388225946924,265.2342380309187,15.91,58.11227416992188
1238.22,433.4780971492863,-118.41864893649748,609.3582496529879,81.90586634534571,266.577830037741,15.91,58.11226043701173
1238.319,433.4780971492863,-118.41864893649748,610.9004130926375,82.32492938621992,267.91166908612115,15.91,58.11225280761719
1238.42,433.4780971492863,-118.41864893649748,612.473352918151,82.75384945110459,269.27620707234985,15.91,58.11226119995118
1238.52,433.4780971492863,-118.41864893649748,614.0304373846623,83.17955568475251,270.6307145742743,15.91,58.11227264404297
1238.62,433.4780971492863,-118.41864893649748,615.5873222689396,83.60598980483037,271.98846396905253,15.91,58.11225891113281
1238.72,433.4780971492863,-118.41864893649748,617.1439322071542,84.0334249483807,273.3495586017876,15.91,58.11224441528321
1238.82,433.4780971492863,-118.41864893649748,618.7002149592499,84.46204696611949,274.7140507799668,15.91,58.11221694946289
1238.92,433.4780971492863,-118.41864893649748,620.2562360706951,84.89161911841606,276.0817601282378,15.91,58.112229156494145
1239.022,449.1741453510578,-124.01907506854081,621.8430863807374,85.33083883062373,271.3705025346318,17.04,58.112253570556646
1239.12,449.1741453510578,-124.01907506854081,623.3675042336903,85.75356833424014,272.66809164074164,17.04,58.1122657775879
1239.22,449.1741453510578,-124.01907506854081,624.9228714356628,86.18550196742923,273.99558194838215,17.04,58.112227630615244
1239.32,449.1741453510578,-124.01907506854081,626.4777897457399,86.61904649945524,275.3270792590692,17.04,58.112205505371094
1239.42,449.1741453510578,-124.01907506854081,628.0323873652392,87.05373837587258,276.66225494588815,17.04,58.112194061279304
1239.519,449.1741453510578,-124.01907506854081,629.5710643006486,87.48541619558618,277.9877662621188,17.04,58.1121452331543
1239.619,449.1741453510578,-124.01907506854081,631.1250977285316,87.92211388282522,279.32994226396204,17.04,58.11212692260742
1239.719,449.1741453510578,-124.01907506854081,632.6788628095736,88.35976804336543,280.6755321204209,17.04,58.112152862548825
1239.82,449.1741453510578,-124.01907506854081,634.2479222213983,88.80266380136882,282.03793259181396,17.04,58.11217346191407
1239.92,449.1741453510578,-124.01907506854081,635.8010459224924,89.2425883252634,283.39043224920704,17.04,58.11214981079102
1240.02,465.5381104974845,-130.15930130969699,637.3537529209736,89.68397994607544,279.0191450325603,17.93,58.11213607788086
1240.12,465.5381104974845,-130.15930130969699,638.906120802956,90.12656298947469,280.3253984342324,17.93,58.11213836669923
1240.22,465.5381104974845,-130.15930130969699,640.4582115466296,90.5701148662543,281.63543263662586,17.93,58.112117767333984
1240.32,465.5381104974845,-130.15930130969699,642.0100966081683,91.01438091367234,282.9490406240907,17.93,58.11206893920898
1240.42,465.5381104974845,-130.15930130969699,643.5615330149985,91.46020705245738,284.2666801641239,17.93,58.112027740478524
1240.52,465.5381104974845,-130.15930130969699,645.112522427971,91.90758553432572,285.58829046859756,17.93,58.11202545166016
1240.62,465.5381104974845,-130.15930130969699,646.6630316732784,92.35662259549088,286.9138781277701,17.93,58.11199798583985
1240.72,465.5381104974845,-130.15930130969699,648.2133419022639,92.80634537116752,288.2428139062721,17.93,58.11198883056641
1240.82,465.5381104974845,-130.15930130969699,649.7633646254764,93.25705708514599,289.57522935661484,17.93,58.11197891235352
1240.92,465.5381104974845,-130.15930130969699,651.3130797792692,93.70882535599776,290.91111589015566,17.93,58.11198043823242
1241.02,482.2360341170298,-136.5019525917536,652.8623963015332,94.16195709028709,286.913218067976,18.15,58.111962890624994
1241.12,482.2360341170298,-136.5019525917536,654.4112810556543,94.61656264466426,288.20146381214414,18.15,58.1119644165039
1241.22,482.2360341170298,-136.5019525917536,655.9599567856567,95.07188171283876,289.49342314102034,18.15,58.11198425292969
1241.32,482.2360341170298,-136.5019525917536,657.5082798267794,95.52840061690452,290.7893480275257,18.15,58.11200408935547
1241.42,482.2360341170298,-136.5019525917536,659.0563763491361,95.9856858803944,292.0889170602599,18.15,58.111991882324226
1241.519,482.2360341170298,-136.5019525917536,660.5886978330715,96.4393925132005,293.37917941447853,18.15,58.11199035644532
1241.619,482.2360341170298,-136.5019525917536,662.136107316837,96.89899638964549,294.6863405770848,18.15,58.11198272705079
1241.719,482.2360341170298,-136.5019525917536,663.6832799092819,97.35939716213558,295.9970167321029,18.15,58.111983489990244
1241.819,482.2360341170298,-136.5019525917536,665.2299982617495,97.82132217681564,297.31160086963536,18.15,58.11198883056642
1241.92,482.2360341170298,-136.5019525917536,666.7918265415677,98.28906818117086,298.64303767715893,18.15,58.112062072753915
1242.02,499.3792356986241,-142.77712886019168,668.3379660529014,98.75293871405185,294.7606250932238,18.22,58.11211013793946
1242.119,499.3792356986241,-142.77712886019168,669.86840691444,99.2129646823504,296.01649088282915,18.22,58.112152862548825
1242.22,499.3792356986241,-142.77712886019168,671.4295306697658,99.68306725805301,297.30161570592674,18.22,58.11217041015625
1242.32,499.3792356986241,-142.77712886019168,672.9748944472053,100.14952403358673,298.57798214625296,18.22,58.11219787597657
1242.42,499.3792356986241,-142.77712886019168,674.5199076596398,100.6171403590064,299.85834199452177,18.22,58.112194824218754
1242.52,499.3792356986241,-142.77712886019168,676.0644343066793,101.08636137237707,301.1429249967166,18.22,58.112195587158205
1242.62,499.3792356986241,-142.77712886019168,677.6086763370378,101.55651699697462,302.431255012006,18.22,58.1121826171875
1242.72,499.3792356986241,-142.77712886019168,679.1527368473045,102.02726870859367,303.72307252540185,18.22,58.112185668945315
1242.82,499.3792356986241,-142.77712886019168,680.6963174697898,102.49959027667593,305.01893890799215,18.22,58.11217193603515
1242.92,499.3792356986241,-142.77712886019168,682.239575565841,102.9729633000043,306.3184808220015,18.22,58.112158203125006
1243.02,517.1903542256646,-149.0523051286148,683.7823631483253,103.44786135375892,302.5049280764106,18.77,58.11209259033204
1243.119,517.1903542256646,-149.0523051286148,685.3095746612727,103.9184843944409,303.740502126066,18.77,58.11201553344727
1243.22,517.1903542256646,-149.0523051286148,686.8672152136893,104.39998159053566,305.00540781749413,18.77,58.1119499206543
1243.32,517.1903542256646,-149.0523051286148,688.4092876100034,104.87717950869606,306.26149989419326,18.77,58.11190795898438
1243.42,517.1903542256646,-149.0523051286148,689.9508953672728,105.35587276155508,307.5219106875762,18.77,58.111869812011726
1243.52,517.1903542256646,-149.0523051286148,691.4921796352411,105.83561176094311,308.78629587047527,18.77,58.1119255065918
1243.62,517.1903542256646,-149.0523051286148,693.0331054249514,106.31650756654962,310.05467847892936,18.77,58.11199645996094
1243.72,517.1903542256646,-149.0523051286148,694.5738053432966,106.7981289459915,311.326730857737,18.77,58.11202239990235
1243.82,517.1903542256646,-149.0523051286148,696.1141991056052,107.28073046636408,312.60257101303205,18.77,58.11204223632813
1243.92,517.1903542256646,-149.0523051286148,697.6542530445515,107.764417227507,313.88221940507367,18.77,58.112062835693365
1244.02,535.001472752705,-155.59738145160182,699.1938798737192,108.24946039699823,310.7640624487861,19.42,58.1120475769043
1244.12,535.001472752705,-155.59738145160182,700.7331578858841,108.73561115666175,311.9918627758159,19.42,58.112066650390624
1244.22,535.001472752705,-155.59738145160182,702.2721433004364,109.22268991494855,313.2237976656188,19.42,58.11209411621093
1244.32,535.001472752705,-155.59738145160182,703.810813936648,109.71076171879358,314.4598615141205,19.42,58.112089538574224
1244.42,535.001472752705,-155.59738145160182,705.3491279580263,110.19995012292387,315.70008727602436,19.42,58.11202163696289
1244.52,535.001472752705,-155.59738145160182,706.8871202719711,110.69014372288898,316.9443514036375,19.42,58.11196365356446
1244.62,535.001472752705,-155.59738145160182,708.4244104445218,111.18253237575733,318.193396756427,19.42,58.11193618774415
1244.72,535.001472752705,-155.59738145160182,709.9616165943962,111.67518480711789,319.44588995262876,19.42,58.11195297241212
1244.819,535.001472752705,-155.59738145160182,711.483261183237,112.1635038053622,320.6894343772992,19.42,58.11197738647462
1244.919,535.001472752705,-155.59738145160182,713.0201173057013,112.65725027014308,321.94904138489835,19.42,58.11198806762695
1245.021,553.2578692425853,-162.74973289733506,714.58734111168,113.16202092603685,319.6161672873417,20.09,58.111996459960935
1245.12,553.2578692425853,-162.74973289733506,716.1078842929734,113.65375784127058,320.8099392076219,20.09,58.11196670532227
1245.22,553.2578692425853,-162.74973289733506,717.6435090176308,114.15131610749467,322.01992097419395,20.09,58.111934661865234
1245.32,553.2578692425853,-162.74973289733506,719.178719467763,114.6501499815721,323.2343168054365,20.09,58.11192169189454
1245.42,553.2578692425853,-162.74973289733506,720.7134232403923,115.15054270717684,324.4532720528121,20.09,58.11194610595703
1245.52,553.2578692425853,-162.74973289733506,722.2478140821537,115.651895539681,325.6763242442758,20.09,58.111961364746094
1245.62,553.2578692425853,-162.74973289733506,723.7817356158065,116.15468350816403,326.90375111546854,20.09,58.11197357177735
1245.72,553.2578692425853,-162.74973289733506,725.315352704048,116.65839757428752,328.1351565875543,20.09,58.11195373535157
1245.819,553.2578692425853,-162.74973289733506,726.8331661189858,117.15849334257207,329.3584655090887,20.09,58.11192779541016
1245.92,553.2578692425853,-162.74973289733506,728.3813144974696,117.66968818681751,330.61045476377745,20.09,58.11194915771485
1246.02,571.9595436960964,-170.17198439763231,729.9136626755349,118.17725146794878,328.77771446196766,20.4,58.111978149414064
1246.12,571.9595436960964,-170.17198439763231,731.4455875949476,118.68609221048749,329.961795698,20.4,58.11199417114258
1246.221,571.9595436960964,-170.17198439763231,732.9926192233276,119.20066106735047,331.16186277583586,20.4,58.11199722290039
1246.32,571.9595436960964,-170.17198439763231,734.5086477980402,119.70615048597622,332.3425105639423,20.4,58.112028503417974
1246.42,571.9595436960964,-170.17198439763231,736.0396623534662,120.21772711135571,333.5393078617419,20.4,58.112031555175776
1246.52,571.9595436960964,-170.17198439763231,737.5702114236273,120.73069530935163,334.74058960016,20.4,58.112038421630864
1246.62,571.9595436960964,-170.17198439763231,739.1005173972447,121.24438926661848,335.94584076810685,20.4,58.11204986572266
1246.72,571.9595436960964,-170.17198439763231,740.630549604133,121.75890098756074,337.15508312319963,20.4,58.1120834350586
1246.82,571.9595436960964,-170.17198439763231,742.1601879244978,122.27458427493367,338.36851925692014,20.4,58.11210327148438
1246.92,571.9595436960964,-170.17198439763231,743.6894995796631,122.79123849613238,339.58596513412243,20.4,58.11213760375977
1247.02,591.3291350942628,-177.391810857014,745.2185396439521,123.30869838465345,337.7909784035922,21.0,58.11216583251954
1247.12,591.3291350942628,-177.391810857014,746.7472395614656,123.82716380324982,338.9508192814394,21.0,58.11218338012696
1247.22,591.3291350942628,-177.391810857014,748.2755702564593,124.34671798873514,340.1151618204025,21.0,58.11219940185547
1247.319,591.3291350942628,-177.391810857014,749.7882405990986,124.86218357970534,341.272274394427,21.0,58.11218948364258
1247.42,591.3291350942628,-177.391810857014,751.3311835257556,125.38889865691122,342.457024392886,21.0,58.11214675903321
1247.52,591.3291350942628,-177.391810857014,752.8585180721401,125.91136506083299,343.63433775899955,21.0,58.11209564208985
1247.62,591.3291350942628,-177.391810857014,754.3854353208548,126.43504709238893,344.81606206061684,21.0,58.11206436157227
1247.72,591.3291350942628,-177.391810857014,755.9120244462497,126.95968382587118,346.0019649989789,21.0,58.11205215454102
1247.82,591.3291350942628,-177.391810857014,757.4381821647752,127.4855766647805,347.1922190095685,21.0,58.11208114624024
1247.92,591.3291350942628,-177.391810857014,758.9639311801018,128.01266044105594,348.3867333116955,21.0,58.11215591430665
1248.02,611.0326849647569,-184.94901238457817,760.489458625546,128.5403909286505,347.29372753157594,21.55,58.11222381591797
1248.121,611.0326849647569,-184.94901238457817,762.0299328015451,129.0742937265216,348.440533857974,21.55,58.112269592285166
1248.22,611.0326849647569,-184.94901238457817,763.5396070122732,129.59847590705695,349.5689969991383,21.55,58.1122673034668
1248.32,611.0326849647569,-184.94901238457817,765.0642362494089,130.12879898274662,350.7131962261755,21.55,58.11226196289063
1248.42,611.0326849647569,-184.94901238457817,766.5885261066682,130.66009506544157,351.8618030118723,21.55,58.11224212646485
1248.52,611.0326849647569,-184.94901238457817,768.1125543378996,131.1921401313046,353.0146083044641,21.55,58.1122299194336
1248.62,611.0326849647569,-184.94901238457817,769.6361068420418,131.7255437065879,354.1720202200071,21.55,58.112203216552736
1248.72,611.0326849647569,-184.94901238457817,771.1593508454863,132.25982673561555,355.33364144429066,21.55,58.11219253540039
1248.82,611.0326849647569,-184.94901238457817,772.6820751476013,132.79558977378818,356.49987033274493,21.55,58.11220016479493
1248.92,611.0326849647569,-184.94901238457817,774.204493323162,133.33222214373765,357.67021583551076,21.55,58.11220092773438
1249.02,631.849429742746,-192.9110639939881,775.726616361068,133.86968968134497,357.05224519924553,22.12,58.11218414306641
1249.12,631.849429742746,-192.9110639939881,777.2482284206593,134.4086022655846,358.16054302122456,22.12,58.112185668945315
1249.22,631.849429742746,-192.9110639939881,778.769470058971,134.94856072952595,359.27347768846596,22.12,58.11219940185547
1249.32,631.849429742746,-192.9110639939881,780.2901519339379,135.49009080362757,360.39140732965615,22.12,58.11216506958008
1249.42,631.849429742746,-192.9110639939881,781.8105811279326,136.03232852532665,361.5136268619578,22.12,58.11214828491211
1249.519,631.849429742746,-192.9110639939881,783.3154745310038,136.57007105003441,362.6289854295929,22.12,58.11213073730469
1249.62,631.849429742746,-192.9110639939881,784.8505631965171,137.1192528665081,363.77102260237575,22.12,58.11210556030274
1249.72,631.849429742746,-192.9110639939881,786.3698575592862,137.66465942089752,364.9066613860064,22.12,58.11211471557617
1249.82,631.849429742746,-192.9110639939881,787.8887823591451,138.2110963450785,366.04667001976054,22.12,58.11213912963867
1249.92,631.849429742746,-192.9110639939881,789.4075747755849,138.75790230288132,367.1905122284929,22.12,58.11215362548828
1250.02,652.5548550302228,-201.4129157125109,790.9259986719114,139.3057299594654,367.74416229391676,22.66,58.1121437072754
1250.12,652.5548550302228,-201.4129157125109,792.4442498799322,139.8540378326285,368.8254009330136,22.66,58.11216583251954
1250.22,652.5548550302228,-201.4129157125109,793.9617555142414,140.40440425037633,369.9121405565219,22.66,58.11214675903321
1250.32,652.5548550302228,-201.4129157125109,795.4789795595034,140.9555473957655,371.0033286960974,22.66,58.112158203125006
1250.42,652.5548550302228,-201.4129157125109,796.9956695237993,141.50815895279777,372.0994656555932,22.66,58.11216278076172
1250.521,652.5548550302228,-201.4129157125109,798.5271666777548,142.0672847030951,373.21115182329305,22.66,58.112184906005865
1250.62,652.5548550302228,-201.4129157125109,800.0278734791859,142.61660649516102,374.3054946442641,22.66,58.112178039550784
1250.719,652.5548550302228,-201.4129157125109,801.5281842170665,143.1670073311172,375.4042836380059,22.66,58.11215591430664
1250.82,652.5548550302228,-201.4129157125109,803.0583980732932,143.7296298783854,376.529803927234,22.66,58.11211318969727
1250.92,652.5548550302228,-201.4129157125109,804.5731010872179,144.28765841705444,377.6485589642256,22.66,58.11208572387696
1251.02,673.4829192995152,-210.18466748558254,806.0873714441555,144.84685903414407,378.9872366604284,23.13,58.11207427978516
1251.12,673.4829192995152,-210.18466748558254,807.6012898830016,145.4070120013535,380.0436551875446,23.13,58.11207809448243
1251.22,673.4829192995152,-210.18466748558254,809.1146528283978,145.96866535254134,381.1051870963622,23.13,58.11209487915038
1251.32,673.4829192995152,-210.18466748558254,810.6275883870763,146.53147101433336,382.1715108762398,23.13,58.11212081909179
1251.42,673.4829192995152,-210.18466748558254,812.1401448076784,147.09529513076117,383.2424792122575,23.13,58.112124633789065
1251.52,673.4829192995152,-210.18466748558254,813.6522495772296,147.6603309743803,384.31820679394536,23.13,58.11214447021485
1251.62,673.4829192995152,-210.18466748558254,815.1638896812619,148.22661003224064,385.3986782803899,23.13,58.112160491943364
1251.72,673.4829192995152,-210.18466748558254,816.6753080045851,148.7934834201316,386.4833411814143,23.13,58.112194061279304
1251.82,673.4829192995152,-210.18466748558254,818.1861985644514,149.36176370858803,387.57279988989234,23.13,58.11221618652345
1251.919,673.4829192995152,-210.18466748558254,819.6814701434174,149.92571797057792,388.6560252745884,23.13,58.11224822998048
1252.021,695.0789005134627,-219.09136928593617,821.2215628778919,150.5080580984972,390.53259529940317,23.68,58.112229919433595
1252.12,695.0789005134627,-219.09136928593617,822.7159970261374,151.07422408423588,391.553055052923,23.68,58.112200927734385
1252.22,695.0789005134627,-219.09136928593617,824.2252057056522,151.646953146931,392.5884255363761,23.68,58.112178802490234
1252.32,695.0789005134627,-219.09136928593617,825.7340374905091,152.2206725992565,393.62850159438636,23.68,58.11215591430665
1252.42,695.0789005134627,-219.09136928593617,827.2426065916616,152.7950811009298,394.6730003251647,23.68,58.11213912963868
1252.52,695.0789005134627,-219.09136928593617,828.7508586543513,153.37032256176528,395.72200379467347,23.68,58.11215209960938
1252.62,695.0789005134627,-219.09136928593617,830.2586563157555,153.946756520489,396.77576751099326,23.68,58.112184143066415
1252.72,695.0789005134627,-219.09136928593617,831.766121290751,154.524060420561,397.8339925629655,23.68,58.11219024658203
1252.82,695.0789005134627,-219.09136928593617,833.2731775246679,155.10242943781515,398.8968001901758,23.68,58.11217651367187
1252.92,695.0789005134627,-219.09136928593617,834.7798584901843,155.6817728651842,399.96408055903925,23.68,58.11214447021485
1253.02,717.1201596902501,-227.99807108628974,836.2862294313147,156.26192003354535,402.3136748271776,24.17,58.11212005615235
1253.122,717.1201596902501,-227.99807108628974,837.8223055832209,156.85476285678442,403.3369705558659,24.17,58.112089538574224
1253.22,717.1201596902501,-227.99807108628974,839.297725064008,157.42543907496534,404.3249184327896,24.17,58.112079620361335
1253.323,717.1201596902501,-227.99807108628974,840.8479267166306,158.0265091131363,405.36839646360863,24.17,58.11209487915039
1253.422,717.1201596902501,-227.99807108628974,842.3375588914846,158.60518474306213,406.3760259668089,24.17,58.11211166381837
1253.52,717.1201596902501,-227.99807108628974,843.8118371601543,159.17880849915974,407.3778555906836,24.17,58.1121566772461
1253.62,717.1201596902501,-227.99807108628974,845.3157535854217,159.76529298382994,408.4048687382558,24.17,58.11217041015626
1253.72,717.1201596902501,-227.99807108628974,846.8194183018369,160.35242187338474,409.4362014605175,24.17,58.11216201782227
1253.819,717.1201596902501,-227.99807108628974,848.3075351366737,160.93498505940954,410.46199536541087,24.17,58.11213531494141
1253.92,717.1201596902501,-227.99807108628974,849.8253928898157,161.53014083400936,411.5129485209141,24.17,58.1121566772461
1254.02,739.7180163219715,-237.10719792755876,851.327493825082,162.12125350746544,414.53592353826804,24.72,58.11208953857423
1254.119,739.7180163219715,-237.10719792755876,852.814344443268,162.70703616362843,415.5023480275925,24.72,58.112072753906254
1254.22,739.7180163219715,-237.10719792755876,854.330585336218,163.3062920308225,416.49370213329286,24.72,58.112063598632815
1254.32,739.7180163219715,-237.10719792755876,855.8313010997417,163.90091362571744,417.4802994554454,24.72,58.11210327148438
1254.42,739.7180163219715,-237.10719792755876,857.3311582272404,164.4976987973524,418.472632584564,24.72,58.112117767333984
1254.52,739.7180163219715,-237.10719792755876,858.830770722658,165.09509979303522,419.4693511481424,24.72,58.112136077880855
1254.62,739.7180163219715,-237.10719792755876,860.330153165667,165.69307955139453,420.4703926450994,24.72,58.11215744018555
1254.72,739.7180163219715,-237.10719792755876,861.8287656455395,166.29298626795386,421.47686022999744,24.72,58.1121566772461
1254.82,739.7180163219715,-237.10719792755876,863.3271916941484,166.8933559302032,422.4874859135688,24.72,58.11212234497071
1254.92,739.7180163219715,-237.10719792755876,864.8255000325588,167.4940166179722,423.50209597133477,24.72,58.11208648681641
1255.02,763.0951093880695,-246.62117485065866,866.3233757980374,168.09575691291218,427.37127708515646,25.16,58.112109375
1255.12,763.0951093880695,-246.62117485065866,867.8207771647685,168.6986753383896,428.3200245754674,25.16,58.112090301513675
1255.22,763.0951093880695,-246.62117485065866,869.3178976166364,169.3022890453309,429.2733494619594,25.16,58.112064361572266
1255.32,763.0951093880695,-246.62117485065866,870.8145623443578,169.90702940725797,430.2315951758154,25.16,58.11203155517578
1255.42,763.0951093880695,-246.62117485065866,872.310723076059,170.51301069819525,431.1948272263361,25.16,58.11196517944336
1255.52,763.0951093880695,-246.62117485065866,873.8063938399587,171.1201972686965,432.16298139145226,25.16,58.111923980712895
1255.62,763.0951093880695,-246.62117485065866,875.3017407017118,171.7281814288058,433.13567390622296,25.16,58.11192855834962
1255.72,763.0951093880695,-246.62117485065866,876.796726993982,172.3370552586664,434.11295352999934,25.16,58.11197738647462
1255.82,763.0951093880695,-246.62117485065866,878.2913695189733,172.9467750504928,435.09475167186514,25.16,58.11201248168946
1255.92,763.0951093880695,-246.62117485065866,879.7855809841883,173.55755309120357,436.0812190133463,25.16,58.11204833984375
1256.02,786.3608829636553,-256.27010180104054,881.2793384906703,174.1694424242385,440.780800889172,25.56,58.112074279785155
1256.12,786.3608829636553,-256.27010180104054,882.7728780642508,174.7818603259023,441.7024641687712,25.56,58.11203079223633
1256.22,786.3608829636553,-256.27010180104054,884.2659401855096,175.3954383730657,442.62912105217106,25.56,58.11199035644532
1256.32,786.3608829636553,-256.27010180104054,885.7586754123886,176.00981015946942,443.56041688620917,25.56,58.111975097656256
1256.42,786.3608829636553,-256.27010180104054,887.2509855040986,176.6252133800572,444.49653170341287,25.56,58.111968231201175
1256.52,786.3608829636553,-256.27010180104054,888.7427655603499,177.2418977808548,445.4376540724151,25.56,58.11193313598633
1256.62,786.3608829636553,-256.27010180104054,890.2339864665888,177.85993554191313,446.383815740138,25.56,58.111967468261724
1256.72,786.3608829636553,-256.27010180104054,891.7247239762614,178.4791415193427,447.33482265588884,25.56,58.112010955810554
1256.82,786.3608829636553,-256.27010180104054,893.2151821806328,179.0990214278157,448.29021261032943,25.56,58.112037658691406
1256.92,786.3608829636553,-256.27010180104054,894.7052703755338,179.71979041592175,449.2501445731694,25.56,58.112039947509764
1257.02,810.6285319570147,-266.1889288059712,896.1951002285416,180.34118015337106,454.6545675708185,25.8,58.112053680419926
1257.12,810.6285319570147,-266.1889288059712,897.6844360068907,180.96375177620436,455.548296212121,25.8,58.1120346069336
1257.22,810.6285319570147,-266.1889288059712,899.1732649289193,181.5875305839199,456.44706957194137,25.8,58.11197967529297
1257.32,810.6285319570147,-266.1889288059712,900.6613130088593,182.2131664989718,457.35144116728503,25.8,58.111933135986334
1257.42,810.6285319570147,-266.1889288059712,902.1487194427554,182.840325920073,458.26107877197234,25.8,58.1119270324707
1257.52,810.6285319570147,-266.1889288059712,903.6358502112889,183.46813970448096,459.17517410054444,25.8,58.11194076538086
1257.62,810.6285319570147,-266.1889288059712,905.1225251908155,184.09703340484023,460.0940800764404,25.8,58.111959838867186
1257.719,810.6285319570147,-266.1889288059712,906.5940966030861,184.72019753561537,461.0080582983037,25.8,58.11195755004883
1257.82,810.6285319570147,-266.1889288059712,908.09464919742,185.3577144806729,461.9459005915695,25.8,58.11197509765625
1257.919,810.6285319570147,-266.1889288059712,909.5650152507573,185.98372208893542,462.8698887850236,25.8,58.1120246887207
1258.02,834.7848614590712,-276.04028079728346,911.0646807244019,186.62332923209533,468.9096148220557,26.15,58.11206130981445
1258.119,834.7848614590712,-276.04028079728346,912.5344260649975,187.25079629579943,469.76974882433626,26.15,58.112075042724605
1258.22,834.7848614590712,-276.04028079728346,914.0333190199223,187.89221497950888,470.65239685298263,26.15,58.112107086181645
1258.32,834.7848614590712,-276.04028079728346,915.5169352562559,188.52830450635176,471.5311635413031,26.15,58.11215209960938
1258.42,834.7848614590712,-276.04028079728346,917.0000211647381,189.1656308916847,472.4149370582945,26.15,58.11217117309571
1258.52,834.7848614590712,-276.04028079728346,918.4827602482172,189.80376407073956,473.30329853141615,26.15,58.112175750732426
1258.62,834.7848614590712,-276.04028079728346,919.9652106346587,190.44256886821995,474.196099644149,26.15,58.11219329833985
1258.72,834.7848614590712,-276.04028079728346,921.4472360874179,191.082358999255,475.0935989746763,26.15,58.112194824218754
1258.82,834.7848614590712,-276.04028079728346,922.9289725168368,191.7228159724253,475.99548213586195,26.15,58.11216278076172
1258.92,834.7848614590712,-276.04028079728346,924.4098887205075,192.36516481157332,476.90282761548485,26.15,58.11212768554688
1259.02,858.4959129982877,-286.498907911327,925.8903281835883,193.00860840349446,484.22047189330755,26.41,58.11208114624024
1259.12,858.4959129982877,-286.498907911327,927.3703491488974,193.6530106251032,485.06654474337756,26.41,58.11203231811524
1259.22,858.4959129982877,-286.498907911327,928.8499922007048,194.29827773361967,485.9173079697011,26.41,58.11199798583984
1259.32,858.4959129982877,-286.498907911327,930.3289284548829,194.94516147026224,486.7734319499083,26.41,58.11197357177734
1259.42,858.4959129982877,-286.498907911327,931.8072682402433,195.59339651323776,487.6346427324452,26.41,58.111819458007815
1259.519,858.4959129982877,-286.498907911327,933.270271290067,196.2364050091758,488.49215653723974,26.41,58.11175155639649
1259.62,858.4959129982877,-286.498907911327,934.7622182383968,196.89379516817985,489.37210250022406,26.41,58.11177368164063
1259.72,858.4959129982877,-286.498907911327,936.2389505169282,197.54568252205294,490.24804477982707,26.41,58.11179885864258
1259.82,858.4959129982877,-286.498907911327,937.7153382940347,198.19834317183532,491.12843793834884,26.41,58.11170349121094
1259.92,858.4959129982877,-286.498907911327,939.1913083689185,198.85195616167348,492.01342267303096,26.41,58.11182403564453
1260.02,882.9862009726716,-297.159960066301,940.6663445409141,199.50768105090984,500.00574466198645,26.67,58.1119270324707
